Date,ESM6P 1890 Index,ESM6P 1895 Index,ESM6P 1900 Index,ESM6P 1905 Index,ESM6P 1910 Index,ESM6P 1915 Index,ESM6P 1920 Index,ESM6P 1925 Index,ESM6P 1930 Index,ESM6P 1935 Index,ESM6P 1940 Index,ESM6P 1945 Index,ESM6P 1950 Index,ESM6P 1955 Index,ESM6P 1960 Index,ESM6P 1965 Index,ESM6P 1970 Index,ESM6P 1975 Index,Open,High,Low,Close,SMAVG (200) on Close
5/23/2016,2.8,3,3.2,3.45,3.7,3.95,4.25,4.55,4.9,5.25,5.75,6,6.5,7,7.75,8.25,9,9.5,2.65,2.65,2.35,2.6,
5/20/2016,3.15,3.35,3.6,3.85,4.1,4.35,4.65,5,5.5,5.75,6.25,6.75,7.25,7.75,8.25,8.75,9.5,10,4,4,3.3,2.95,
5/19/2016,5,5.5,5.75,6,6.5,7,7.25,7.75,8.25,8.75,9.25,9.75,10.5,11.25,12,12.75,13.5,14.5,5.5,6.75,4.85,4.8,
5/18/2016,5,5.25,5.5,6,6.25,6.75,7,7.5,8,8.5,9,9.75,10.5,11,12,12.75,13.5,14.5,4.2,5.5,4,4.7,
5/17/2016,4.95,5.25,5.5,5.75,6,6.5,7,7.5,8,8.5,9,9.5,10.25,11,11.5,12.25,13,14,3.3,5,3.3,4.7,
5/16/2016,3.7,3.95,4.2,4.45,4.7,5,5.25,5.5,6,6.25,6.75,7,7.5,8,8.5,9.25,9.75,10.5,5.25,5.25,3.35,3.5,
5/13/2016,5.5,6,6.25,6.75,7,7.5,8,8.5,9,9.5,10,10.75,11.5,12,13,13.75,14.5,15.5,4.4,6,4.2,5.25,
5/12/2016,4.55,4.8,5,5.25,5.5,6,6.5,6.75,7.25,7.75,8.25,8.75,9.25,9.75,10.5,11,11.75,12.5,4.05,5.5,4.05,4.35,
5/11/2016,5,5.25,5.5,6,6.25,6.75,7,7.5,8,8.5,9,9.5,10,10.5,11.25,12,12.5,13.5,3.75,4.55,3.6,4.8,
5/10/2016,3.8,4,4.2,4.4,4.65,4.85,5,5.5,5.75,6,6.5,6.75,7.25,7.5,8,8.5,9,9.75,4.05,4.05,4,3.6,
5/9/2016,5.75,6,6.5,6.75,7,7.5,8,8.5,9,9.5,10,10.5,11.25,11.75,12.5,13,13.75,14.5,6,6,5.25,5.5,
5/6/2016,6.75,7,7.5,8,8.25,8.75,9.25,9.75,10.25,10.75,11.25,12,12.5,13.25,14,14.75,15.5,16.5,8.75,8.75,8,6.5,
5/5/2016,9,9.25,9.75,10.25,10.75,11.25,11.75,12.5,13,13.75,14.5,15,16,16.75,17.5,18.5,19.5,20.5,8,9,7.5,8.5,
5/4/2016,9,9.5,10,10.5,11,11.5,12,12.75,13.25,14,14.5,15.25,16,16.75,17.5,18.5,19.5,20.5,8.25,9.75,8.25,8.5,
5/3/2016,8.25,8.75,9,9.5,10,10.5,11,11.5,12,12.5,13,13.75,14.5,15,16,16.75,17.5,18.5,8.25,9,7.25,8,
5/2/2016,7,7.25,7.5,7.75,8,8.5,9,9.25,9.75,10,10.5,11,11.5,12.25,12.75,13.5,14,14.75,8.5,8.5,7.5,6.5,
4/29/2016,9.5,10,10.5,10.75,11.25,11.75,12.25,13,13.5,14,14.75,15.5,16.25,17,17.75,18.5,19.25,20,8.5,11.75,8.5,9.25,
4/28/2016,8.25,8.5,9,9.5,9.75,10.25,10.5,11,11.5,12,12.5,13.25,13.75,14.5,15,15.75,16.5,17,5.75,8,5.75,8,
4/27/2016,6,6.25,6.5,6.75,7,7.5,7.75,8,8.5,8.75,9.25,9.75,10.25,10.75,11.25,11.75,12.25,12.75,7.5,7.5,7.25,5.75,
4/26/2016,6.5,7,7.25,7.5,7.75,8.25,8.5,9,9.5,9.75,10.25,10.5,11,11.5,12,12.5,13.25,13.75,6.75,6.75,6.75,6.25,
4/25/2016,7.5,7.75,8,8.5,8.75,9,9.5,10,10.25,10.75,11.25,11.75,12.25,12.75,13.5,14,14.5,15.25,7.25,7.25,7.25,7.25,
4/22/2016,7.25,7.5,7.75,8,8.5,9,9.25,9.75,10,10.5,11,11.5,12,12.5,13,13.5,14.25,14.75,7,7,7,7,
4/21/2016,8.25,8.75,9,9.5,10,10.25,10.75,11,11.5,12,12.5,13,13.5,14,14.75,15.25,16,16.75,7,7.75,7,8,
4/20/2016,7,7.25,7.5,7.75,8,8.5,8.75,9.25,9.5,10,10.5,10.75,11.25,11.75,12.25,12.75,13.25,14,6.25,7.25,6.25,6.5,
4/19/2016,7.25,7.5,8,8.25,8.5,9,9.5,9.75,10.25,10.5,11,11.5,12,12.5,13,13.5,14,14.75,7,7.5,7,7,
4/18/2016,8,8.5,8.75,9,9.5,10,10.25,10.75,11,11.5,12,12.5,13,13.5,14,14.75,15.5,16,11,11,7.75,7.75,
4/15/2016,10.5,10.75,11.25,11.5,12,12.5,13,13.5,14,14.75,15.25,16,16.5,17,17.75,18.5,19.25,20,10,10.25,10,10,
4/14/2016,10.75,11.25,11.5,12,12.5,13,13.5,14,14.5,15,15.75,16.25,17,17.75,18.5,19,20,20.75,10.75,10.75,10,10.5,
4/13/2016,11,11.5,12,12.5,13,13.5,14,14.5,15,15.5,16.25,16.75,17.5,18.25,19,19.75,20.5,21.5,12,12,10.5,10.75,
4/12/2016,14.75,15.25,16,16.5,17,17.75,18.5,19.25,20,20.75,21.5,22.25,23,24,25,25.75,26.75,27.75,18.75,18.75,15.25,14.25,
4/11/2016,19.5,20,20.75,21.5,22.25,23,24,24.75,25.75,26.5,27.5,28.5,29.5,30.5,31.75,32.75,34,35.25,15.75,16.75,15.25,18.75,
4/8/2016,18.5,19,19.75,20.5,21,22,22.75,23.5,24.5,25.25,26.25,27.25,28.25,29.25,30.25,31.25,32.5,33.5,16.75,16.75,16.75,17.75,
4/7/2016,21,21.5,22.25,23,23.75,24.5,25.5,26.25,27.25,28,29,30,31,32.25,33.25,34.5,35.75,37,18.5,21.5,18,20.25,
4/6/2016,14.5,15,15.75,16.25,17,17.5,18.25,19,19.5,20.25,21,22,22.75,23.5,24.5,25.5,26.25,27.25,19.75,19.75,16.25,14,
4/5/2016,19.75,20.5,21,21.75,22.5,23.5,24.25,25,25.75,26.75,27.5,28.5,29.5,30.5,31.75,32.75,34,35.25,17.5,17.5,17.5,19,
4/4/2016,15.25,15.75,16.25,17,17.5,18.25,19,19.5,20.25,21,22,22.75,23.5,24.5,25.5,26.25,27.25,28.25,14.25,15,14.25,14.75,
4/1/2016,14,14.5,15,15.5,16.25,16.75,17.5,18,18.75,19.5,20.25,21,21.75,22.5,23.25,24.25,25,26,14.5,14.5,14.5,13.5,
3/31/2016,17,17.5,18,18.75,19.25,20,20.75,21.5,22.25,23,23.75,24.75,25.5,26.5,27.5,28.5,29.5,30.5,15.25,15.25,15.25,16.5,
3/30/2016,16,16.75,17.25,18,18.5,19.25,20,20.75,21.5,22.25,23,23.75,24.5,25.5,26.5,27.25,28.25,29.25,15.5,15.5,15.5,15.5,
3/29/2016,18,18.75,19.25,20,20.5,21.25,22,23,23.75,24.5,25.5,26.25,27.25,28.25,29.25,30.25,31.25,32.5,17.25,17.25,17.25,17.5,
3/28/2016,23.5,24.25,25,26,26.75,27.75,28.5,29.5,30.5,31.5,32.5,33.5,34.5,35.5,36.75,38,39.25,40.5,23.5,23.5,23.5,22.75,
3/24/2016,24.5,25.25,26,27,27.75,28.75,29.5,30.5,31.5,32.5,33.75,34.75,36,37,38.25,39.5,40.75,42,28.25,28.25,24.75,23.75,
3/23/2016,25,25.75,26.5,27.5,28.25,29.25,30,31,32,33,34.25,35.25,36.5,37.5,38.75,40,41.25,42.5,23.5,24.25,23.5,24.25,
3/22/2016,22,22.75,23.5,24,25,25.75,26.5,27.25,28.25,29,30,31,32,33,34,35,36.25,37.5,23,23.75,21.5,21.25,
3/21/2016,22,22.75,23.5,24,25,25.75,26.5,27.25,28.25,29,30,31,32,33,34.25,35.25,36.5,37.75,22.5,23.5,22.5,21.25,
3/18/2016,24.25,25,25.75,26.5,27.5,28.25,29.25,30,31,32,33,34,35,36.25,37.25,38.5,39.75,41,22.75,22.75,22.75,23.5,
3/17/2016,25.75,26.5,27.5,28.25,29,30,31,32,33,34,35,36,37.25,38.5,39.5,40.75,42,43.5,28.75,28.75,24.5,25,
3/16/2016,29.5,30.5,31.25,32.25,33.25,34.25,35.25,36.5,37.5,38.5,39.75,41,42.25,43.5,44.75,46.25,47.5,49,31.75,31.75,31.75,28.5,
3/15/2016,34,35,36,37,38,39.25,40.5,41.5,42.75,44,45.25,46.5,47.75,49.25,50.5,52,53.5,55,35.5,35.5,35.5,33,
3/14/2016,34,35,36,37,38,39,40,41.25,42.5,43.5,44.75,46,47.5,48.75,50,51.5,53,54.5,33,33,33,33,
3/11/2016,35.25,36.25,37.25,38.25,39.25,40.5,41.5,42.75,44,45.25,46.5,47.75,49,50.25,51.75,53,54.5,56,35.5,35.5,35.5,34.25,
3/10/2016,44.5,45.75,47,48.25,49.5,51,52.25,53.75,55,56.5,58,59.75,61.25,63,64.75,66.5,68.25,70,43.25,43.25,43.25,43.25,
3/9/2016,45.25,46.5,47.75,49,50.25,51.75,53,54.5,56,57.5,59,60.75,62.25,64,65.75,67.5,69.25,71,44,44,44,44,
3/8/2016,48.25,49.5,50.75,52.25,53.5,55,56.5,58,59.5,61,62.75,64.5,66,67.75,69.5,71.5,73.25,75.25,45,45,45,47,
3/7/2016,41.25,42.5,43.5,44.75,46,47.5,48.75,50,51.5,52.75,54.25,55.75,57.25,58.75,60.5,62,63.75,65.5,40.25,40.25,40.25,40.25,
3/4/2016,42.75,44,45.25,46.5,47.75,49,50.25,51.75,53,54.5,56,57.5,59,60.5,62.25,64,65.75,67.5,41.75,41.75,41.75,41.75,
3/3/2016,43.75,45,46.25,47.5,48.75,50,51.5,53,54.5,56,57.5,59,60.5,62.25,64,65.75,67.5,69.5,42.5,42.5,42.5,42.5,
3/2/2016,46.5,47.75,49,50.5,51.75,53.25,54.5,56,57.5,59,60.75,62.25,64,65.5,67.5,69.25,71,73,48,48,48,45.25,
3/1/2016,49.75,51,52.25,53.75,55,56.5,58,59.5,61.25,62.75,64.5,66.25,68,69.75,71.5,73.5,75.25,77.25,48.5,48.5,48.5,48.5,
2/29/2016,70,71.75,73.5,75.5,77.25,79,81,83,85,87.25,89.5,91.5,93.75,96,98.5,100.75,103.25,105.5,68.5,68.5,68.5,68.5,
2/26/2016,65.5,67,68.75,70.5,72,74,75.75,77.5,79.5,81.5,83.5,85.5,87.5,89.75,92,94,96.25,98.5,64,64,64,64,
2/25/2016,62,63.5,65,66.5,68.25,70,71.75,73.5,75.5,77.25,79.25,81.25,83.25,85.5,87.5,89.75,91.75,94,60.5,60.5,60.5,60.5,
2/24/2016,72.5,74,76,77.75,79.5,81.5,83.5,85.5,87.5,89.5,91.5,93.75,96,98.25,100.5,103,105.25,107.75,70.75,70.75,70.75,70.75,
2/23/2016,78,80,81.75,83.75,85.75,87.75,89.75,92,94,96.25,98.5,100.75,103,105.5,108,110.5,113,115.75,76.25,76.25,76.25,76.25,
2/22/2016,68.5,70.25,72,73.75,75.5,77.25,79.25,81,83,85,87,89.25,91.5,93.75,96,98.25,100.5,103,67,67,67,67,
2/19/2016,80.5,82.5,84.25,86.25,88.25,90.25,92.5,94.5,96.75,98.75,101,103.5,105.75,108.25,110.75,113.25,115.75,118.5,78.75,78.75,78.75,78.75,
2/18/2016,82.25,84.25,86,88,90,92,94,96.25,98.25,100.5,102.5,105,107.25,109.5,112,114.5,117,119.5,80.5,80.5,80.5,80.5,
2/17/2016,82,83.75,85.5,87.5,89.5,91.5,93.5,95.5,97.5,99.75,102,104,106.25,108.5,111,113.25,115.75,118.25,80.25,80.25,80.25,80.25,
2/16/2016,99,101,103.25,105.5,107.5,109.75,112,114.5,117,119.25,121.75,124.5,127,129.5,132.25,135,137.75,140.5,101.75,101.75,101.75,96.75,
2/12/2016,117,119.5,122,124.5,127,129.5,132,134.75,137.25,140,142.75,145.5,148.5,151.5,154.5,157.5,160.5,163.5,114.75,114.75,114.75,114.75,
2/11/2016,137,139.75,142.5,145,148,150.75,153.5,156.5,159.5,162.5,165.5,168.75,171.75,175,178.25,181.5,185,188.5,134.5,134.5,134.5,134.5,
2/10/2016,123,125.5,128,130.5,133.25,136,138.5,141.25,144,147,149.75,152.75,155.75,158.75,162,165,168,171.5,120.5,120.5,120.5,120.5,
2/9/2016,122.5,125,127.5,130,132.75,135.25,138,140.5,143.25,146,149,152,154.75,157.75,161,164,167,170.25,120.25,120.25,120.25,120.25,
2/8/2016,120,122.5,125,127.5,130,132.75,135.5,138,140.75,143.5,146.25,149.25,152.25,155.25,158.25,161.25,164.5,167.5,117.75,117.75,117.75,117.75,
2/5/2016,106.25,108.5,110.75,113,115.5,117.75,120.25,122.75,125.25,127.75,130.5,133,135.75,138.5,141.25,144.25,147,150,104,104,104,104,
2/4/2016,90,92,94,96,98,100,102.25,104.25,106.5,108.75,111,113.5,116,118.5,121,123.5,126,128.75,88,88,88,88,
2/3/2016,88.5,90.5,92.5,94.5,96.5,98.5,100.75,102.75,105,107.25,109.5,111.75,114.25,116.75,119.25,121.75,124.5,127,86.75,86.75,86.75,86.75,
2/2/2016,93.5,95.5,97.5,99.5,101.75,103.75,106,108.25,110.5,113,115.5,118,120.5,123,125.5,128.25,131,133.75,91.5,91.5,91.5,91.5,
2/1/2016,77.25,79,80.75,82.5,84.25,86.25,88,90,92,94.25,96.25,98.5,100.5,102.75,105,107.5,109.75,112.25,79.25,79.25,79.25,75.5,
1/29/2016,78.5,80.25,82,83.75,85.75,87.5,89.5,91.5,93.5,95.5,97.5,99.75,102,104,106.5,108.75,111.25,113.5,96.75,96.75,96.75,76.75,
1/28/2016,101.5,103.75,105.75,108,110.25,112.5,115,117.5,120,122.5,125,127.5,130.25,133,136,138.75,141.75,144.75,99.5,99.5,99.5,99.5,
1/27/2016,106,108.25,110.5,112.75,115.25,117.5,120,122.5,125,127.5,130.25,133,135.75,138.5,141.25,144.25,147,150,104,104,104,104,
1/26/2016,96.25,98.25,100.25,102.5,104.5,106.75,109,111.25,113.5,116,118.5,121,123.5,126,128.75,131.5,134,137,94.25,94.25,94.25,94.25,
1/25/2016,109.75,112,114.25,116.5,119,121.5,124,126.5,129,131.5,134.25,137,139.75,142.5,145.5,148.25,151.25,154.25,107.5,107.5,107.5,107.5,
1/22/2016,95.75,97.75,99.75,101.75,104,106,108,110.5,112.75,115,117.5,119.75,122.25,124.75,127.25,129.75,132.5,135.25,99.5,99.5,99.5,93.75,
1/21/2016,118.5,121,123.25,125.5,128,130.5,133,135.5,138,140.75,143.5,146.25,149,151.75,154.75,157.5,160.5,163.5,116.5,116.5,116.5,116.5,
1/20/2016,121.5,124,126.5,128.75,131.25,133.75,136.25,139,141.5,144.25,147,149.75,152.75,155.5,158.5,161.5,164.5,167.75,119.25,119.25,119.25,119.25,
1/19/2016,111.75,114,116,118.5,120.75,123,125.5,128,130.5,132.75,135.5,138,140.75,143.5,146.25,149,152,154.75,109.5,109.5,109.5,109.5,
1/15/2016,113,115.25,117.5,119.75,122,124.25,126.75,129,131.5,134,136.5,139,141.5,144.25,147,149.75,152.5,155.5,111,111,111,111,
1/14/2016,93,94.75,96.75,98.5,100.5,102.5,104.75,106.75,109,111,113.25,115.5,118,120.25,122.5,125,127.5,130,91,91,91,91,
1/13/2016,109.25,111.25,113.5,115.5,118,120.25,122.5,125,127.25,129.75,132.25,134.75,137.5,140,142.75,145.5,148.25,151,98.5,98.5,98.5,107,
1/12/2016,87.75,89.5,91.25,93.25,95,97,99,101,103,105.25,107.25,109.25,111.5,113.75,116,118.5,120.75,123.25,86,86,86,86,
1/11/2016,94.25,96,98,100,102,104,106,108,110,112,114.25,116.5,118.75,121,123.5,126,128.25,130.75,92.5,92.5,92.5,92.5,
1/8/2016,101,103,105,107,109,111,113,115,117.25,119.5,121.75,124,126.25,128.5,131,133.25,135.75,138.25,99,99,99,99,
1/7/2016,90.5,92.25,94,95.75,97.75,99.5,101.5,103.5,105.5,107.5,109.75,111.75,114,116,118.25,120.5,123,125.25,88.75,88.75,88.75,88.75,
1/6/2016,68.5,69.75,71.25,72.5,74,75.5,77,78.5,80.25,81.75,83.5,85.25,87,88.5,90.5,92.25,94,96,67,67,67,67,
1/5/2016,60,61.25,62.5,64,65.25,66.5,68,69.25,70.75,72.25,73.75,75.25,76.75,78.25,80,81.5,83.25,85,59,59,59,59,
1/4/2016,63.5,64.75,66,67.25,68.5,70,71.5,72.75,74.25,75.75,77.25,78.75,80.25,82,83.5,85.25,87,88.5,62,62,62,62,
12/31/2015,54.75,56,57,58,59.25,60.5,61.75,63,64.25,65.5,66.75,68.25,69.5,71,72.5,74,75.5,77,53.75,53.75,53.75,53.75,
12/30/2015,49.5,50.5,51.5,52.5,53.5,54.5,55.75,57,58.25,59.5,60.5,61.75,63,64.25,65.5,67,68.25,69.75,48.5,48.5,48.5,48.5,
12/29/2015,45,46,46.75,47.75,48.75,49.75,50.75,51.75,53,54,55,56.25,57.25,58.5,59.75,61,62,63.5,44,44,44,44,
12/28/2015,51,52,53.25,54.25,55.5,56.5,57.75,59,60,61.25,62.5,63.75,65,66.5,67.75,69,70.5,72,50,50,50,50,
12/24/2015,51.5,52.5,53.75,54.75,56,57,58.25,59.5,60.5,61.75,63,64.5,65.75,67,68.5,69.75,71.25,72.5,50.5,50.5,50.5,50.5,
12/23/2015,51,52,53.25,54.25,55.5,56.5,57.5,58.75,60,61.25,62.5,63.75,65,66.25,67.5,69,70.5,71.75,50,50,50,50,
12/22/2015,56,57,58.25,59.5,60.75,62,63.25,64.5,65.75,67,68.5,69.75,71.25,72.75,74.25,75.75,77.25,78.75,57.75,57.75,57.75,55,
12/21/2015,64.75,66,67.5,68.75,70,71.5,72.75,74.25,75.5,77,78.5,80,81.5,83,84.5,86.25,88,89.5,63.5,63.5,63.5,63.5,
12/18/2015,74.5,76,77.25,78.75,80.25,81.75,83.25,85,86.5,88,89.75,91.5,93,94.75,96.5,98.5,100.25,102,73,73,73,73,
12/17/2015,63.5,,66,,68.5,,71,72.5,74,,76.75,,79.5,,82.75,,85.75,87.5,,,,,
12/16/2015,52,,54.25,,56.5,,58.5,59.75,61,,63.5,,65.75,,68.25,,71,72.5,,,,,
12/15/2015,62.5,,64.75,,67.25,,69.75,71,72.25,,75,,77.75,,80.75,,83.75,85.25,,,,,
12/14/2015,71.75,,74.5,,77,,80,81.5,83,,86,,89,,92.25,,95.75,97.5,,,,,
12/11/2015,78,,80.75,,83.75,,86.5,88,89.5,,92.75,,96,,99.25,,102.5,104.5,,,,,
12/10/2015,61.5,,64,,66.5,,68.75,70,71.5,,74,,76.75,,79.5,,82.5,84,,,,,
12/9/2015,63.25,,65.5,,68,,70.75,72,73.25,,76,,79,,82,,85,86.5,,,,,
12/8/2015,57.75,,60,,62.25,,64.75,66,67,,69.75,,72.25,,75,,77.75,79.25,,,,,
12/7/2015,50.5,,52.5,,54.5,,56.5,57.75,58.75,,61,,63.5,,66,,68.5,69.75,,,,,
12/4/2015,48.75,,50.5,,52.5,,54.75,55.75,57,,59,,61.5,,63.75,,66.25,67.5,,,,,
12/3/2015,60.5,,62.75,,65,,67.5,68.75,70,,72.75,,75.5,,78.25,,81,82.5,,,,,
12/2/2015,52,,54,,56,,58,59,60.25,,62.5,,65,,67.25,,70,71.25,,,,,
12/1/2015,47,,49,,51,,53,54,55,,57,,59.25,,61.5,,64,65,,,,,
11/30/2015,53.75,,55.75,,58,,60.25,61.25,62.5,,64.75,,67.25,,69.75,,72.5,73.75,,,,,
11/27/2015,51.5,,53.5,,55.5,,57.75,58.75,60,,62.25,,64.5,,67,,69.5,70.75,,,,,
11/25/2015,52.5,,54.25,,56.25,,58.5,59.5,60.5,,63,,65.25,,67.75,,70.25,71.5,,,,,
11/24/2015,54.25,,56.25,,58.25,,60.5,61.5,62.5,,65,,67.5,,70,,72.5,73.75,,,,,
11/23/2015,53.75,,55.75,,58,,60.25,61.25,62.5,,64.75,,67.25,,69.75,,72.25,73.5,,,,,
11/20/2015,54,,56,,58,,60.25,61.25,62.5,,64.75,,67,,69.5,,72.25,73.5,,,,,
11/19/2015,58,,60,,62.25,,64.5,65.75,67,,69.25,,71.75,,74.25,,76.75,78,,,,,
11/18/2015,55.75,,58,,60,,62.25,63.5,64.5,,67,,69.5,,72,,74.75,76.25,,,,,
11/17/2015,65,,67.5,,70,,72.75,74,75.25,,78,,81,,84,,87,88.5,,,,,
11/16/2015,65,,67.25,,69.75,,72.5,73.75,75,,77.75,,80.5,,83.5,,86.5,88,,,,,
11/13/2015,76.75,,79.5,,82.5,,85.25,86.75,88.25,,91.5,,94.5,,98,,101.25,103,,,,,
11/12/2015,68,,70.5,,73,,75.5,77,78.5,,81.25,,84,,87,,90.25,91.75,,,,,
11/11/2015,57.75,,60,,62.25,,64.5,65.75,67,,69.5,,72,,74.5,,77.5,78.75,,,,,
11/10/2015,54.75,,56.75,,59,,61.25,62.25,63.5,,66,,68.5,,71,,73.75,75.25,,,,,
11/9/2015,58,,60,,62.25,,64.5,65.75,67,,69.5,,72,,74.75,,77.5,78.75,,,,,
11/6/2015,51.5,,53.5,,55.5,,57.5,58.75,59.75,,62,,64.5,,66.75,,69.25,70.5,,,,,
11/5/2015,53.25,,55.25,,57.25,,59.5,60.5,61.5,,63.75,,66,,68.5,,71,72.25,,,,,
11/4/2015,53.75,,55.75,,57.75,,60,61,62,,64.5,,66.75,,69,,71.5,73,,,,,
11/3/2015,50.5,,52.5,,54.25,,56.25,57.25,58.25,,60.5,,62.75,,65.25,,67.5,68.75,,,,,
11/2/2015,51.5,,53.5,,55.5,,57.5,58.5,59.5,,61.75,,64.25,,66.5,,69,70.5,,,,,
10/30/2015,58.75,,61,,63.25,,65.5,66.75,68,,70.5,,73,,75.5,,78.25,79.75,,,,,
10/29/2015,56.75,,58.75,,61,,63,64.25,65.5,,67.75,,70.25,,72.75,,75.5,77,,,,,
10/28/2015,56,,58,,60,,62.25,63.5,64.5,,67,,69.5,,72,,74.5,76,,,,,
10/27/2015,62.75,,65,,67.5,,69.75,71,72.5,,75,,77.75,,80.75,,83.5,85,,,,,
10/26/2015,63,,65.5,,67.75,,70,71.25,72.5,,75.25,,78,,80.75,,83.75,85.25,,,,,
10/23/2015,60.75,,63,,65,,67.5,68.75,70,,72.5,,75.25,,78,,81,82.5,,,,,
10/22/2015,63,,65.25,,67.75,,70.25,71.5,72.75,,75.5,,78.25,,81.25,,84.25,85.75,,,,,
10/21/2015,79,,82,,85,,88,89.5,91,,94.25,,97.5,,101,,104.5,106.5,,,,,
10/20/2015,74,,76.5,,79.25,,82,83.5,85,,88.25,,91.5,,94.75,,98,99.75,,,,,
10/19/2015,70.75,,73.25,,76,,78.75,80,81.5,,84.5,,87.75,,91,,94.5,96.25,,,,,
10/16/2015,74.5,,77.25,,80,,83,84.5,86,,89,,92.25,,95.5,,99,100.5,,,,,
10/15/2015,77.25,,80,,83,,86,87.5,89,,92.25,,95.5,,98.75,,102.25,104,,,,,
10/14/2015,91.75,,95,,98.25,,101.75,103.5,105.25,,108.75,,112.5,,116.5,,120.25,122.25,,,,,
10/13/2015,87.75,,90.75,,94,,97.25,99,100.5,,104,,107.75,,111.5,,115.25,117,,,,,
10/12/2015,79.5,,82.5,,85.5,,88.5,90,91.75,,95,,98.25,,101.75,,105.5,107.25,,,,,
10/9/2015,84,,87,,90,,93,94.75,96.25,,99.5,,103,,106.5,,110,112,,,,,
10/8/2015,84.5,,87.5,,90.5,,93.5,95.25,96.75,,100.25,,103.5,,107,,110.75,112.75,,,,,
10/7/2015,93,,96,,99.5,,102.75,104.5,106.25,,110,,113.75,,117.5,,121.5,123.5,,,,,
10/6/2015,100.75,,104,,107.5,,111,113,114.75,,118.5,,122.5,,126.5,,130.75,132.75,,,,,
10/5/2015,98.5,,102,,105.5,,109,110.75,112.5,,116.25,,120.25,,124.25,,128.25,130.5,,,,,
10/2/2015,113.25,,116.75,,120.5,,124.25,126.25,128.25,,132.25,,136.25,,140.5,,145,147.5,,,,,
10/1/2015,125.5,,129.5,,133.75,,138,140.25,142.5,,147,,151.5,,156.25,,161.25,163.75,,,,,
9/30/2015,130,,134.25,,138.5,,142.75,145,147.25,,152,,156.75,,161.5,,166.5,169.25,,,,,
9/29/2015,147,,151.75,,156.5,,161,163.5,166,,171,,176.25,,181.5,,187,189.75,,,,,
9/28/2015,149.5,,154,,158.5,,163.25,165.75,168.25,,173.5,,178.5,,183.75,,189.25,192,,,,,
9/25/2015,125.5,,129.5,,133.5,,137.75,139.75,142,,146.5,,151,,155.75,,160.5,163,,,,,
9/24/2015,125,,129,,133.25,,137.5,139.75,142,,146.5,,151.25,,156,,160.75,163.25,,,,,
9/23/2015,119,,123,,127,,131,133,135.25,,139.5,,144,,148.5,,153,155.5,,,,,
9/22/2015,120,,123.75,,127.75,,131.75,133.75,135.75,,140,,144.25,,148.75,,153.25,155.5,,,,,
9/21/2015,104.5,,108,,111.5,,115,117,118.75,,122.75,,126.5,,130.75,,134.75,137,,,,,
9/18/2015,114,,117.5,,121,,124.75,126.5,128.5,,132.5,,136.5,,140.5,,144.75,147,,,,,
9/17/2015,103,,106.25,,109.5,,113,114.75,116.5,,120.25,,124,,127.75,,131.75,133.75,,,,,
9/16/2015,98.75,,102,,105.25,,108.5,110.25,112,,115.5,,119.25,,123,,126.75,128.75,,,,,
9/15/2015,109.5,,113,,116.5,,120,122,123.75,,127.5,,131.5,,135.5,,139.75,141.75,,,,,
9/14/2015,124.5,,128,,131.75,,135.5,137.5,139.5,,143.5,,147.5,,151.75,,156.25,158.5,,,,,
9/11/2015,121.25,,124.75,,128.25,,132,134,135.75,,139.75,,143.75,,147.75,,152,154.25,,,,,
9/10/2015,126.25,,130,,133.5,,137.5,139.25,141.25,,145.25,,149.25,,153.5,,158,160.25,,,,,
9/9/2015,130,,133.75,,137.5,,141.5,143.5,145.5,,149.75,,154,,158.5,,163,165,,,,,
9/8/2015,121.25,,124.75,,128.25,,132,134,135.75,,139.75,,143.75,,147.75,,152,154.25,,,,,
9/4/2015,142.25,,146.25,,150.5,,154.5,156.75,159,,163.5,,168,,172.75,,177.5,180,,,,,
9/3/2015,129.75,,133.5,,137.25,,141,143,145,,149.25,,153.5,,157.75,,162.25,164.5,,,,,
9/2/2015,128.5,,132,,136,,140,142,144,,148,,152.25,,156.75,,161.25,163.5,,,,,
9/1/2015,145.75,,149.75,,153.75,,158.25,160.5,162.5,,167,,171.75,,176.5,,181.25,183.75,,,,,
8/31/2015,119.25,,122.75,,126.25,,130,131.75,133.75,,137.5,,141.5,,145.75,,149.75,152,,,,,
8/28/2015,109,,112.25,,115.5,,119,120.75,122.5,,126,,129.75,,133.5,,137.5,139.5,,,,,
8/27/2015,105.25,,108.5,,112,,115.5,117.25,119.25,,123,,126.75,,130.75,,134.75,136.75,,,,,
8/26/2015,123.5,,127.25,,131,,135,137,139.25,,143.5,,147.75,,152.25,,156.75,159,,,,,
8/25/2015,155.75,,160.25,,165,,169.75,172,174.5,,179.75,,184.75,,190,,195.5,198.5,,,,,
8/24/2015,157.25,,161.75,,166.5,,171.25,173.5,176,,181,,186,,191.5,,196.75,199.5,,,,,
8/21/2015,109.25,,112.75,,116.25,,120,121.75,123.5,,127.5,,131.5,,135.5,,139.5,141.75,,,,,
8/20/2015,86.5,,89.5,,92.5,,95.5,97,98.75,,102,,105.25,,108.5,,111.75,113.5,,,,,
8/19/2015,69.5,,71.75,,74.25,,76.75,78,79.25,,82,,84.75,,87.5,,90.5,92,,,,,
8/18/2015,63.75,,66,,68,,70.5,71.75,73,,75.25,,78,,80.5,,83.25,84.5,,,,,
8/17/2015,61.5,,63.5,,66,,68.25,69.25,70.5,,73,,75.5,,78,,80.75,82.25,,,,,
8/14/2015,64.5,,66.75,,69,,71.5,72.75,74,,76.5,,79,,81.75,,84.5,86,,,,,
8/13/2015,67.5,,69.75,,72.25,,74.75,76,77.5,,80,,82.75,,85.5,,88.25,89.75,,,,,
8/12/2015,66.5,,69,,71.25,,73.75,75,76.25,,79,,81.75,,84.5,,87.5,88.75,,,,,
8/11/2015,67.75,,70,,72.5,,75,76,77.5,,80,,82.75,,85.5,,88.5,90,,,,,
8/10/2015,61,,63.25,,65.5,,67.75,69,70.25,,72.5,,75,,77.75,,80.5,81.75,,,,,
8/7/2015,68,,70.5,,73,,75.5,76.75,78.25,,81,,83.75,,86.75,,89.75,91.25,,,,,
8/6/2015,67.5,,70,,72.5,,75,76.25,77.5,,80.25,,83,,86,,89,90.25,,,,,
8/5/2015,63.25,,65.5,,67.75,,70.25,71.5,72.75,,75.25,,78,,80.5,,83.5,84.75,,,,,
8/4/2015,66.25,,68.75,,71,,73.5,75,76.25,,79,,81.75,,84.5,,87.5,89,,,,,
8/3/2015,64.5,,67,,69.25,,71.5,72.75,74,,76.5,,79.25,,82,,84.75,86.25,,,,,
7/31/2015,63.75,,66,,68.25,,70.5,71.75,73,,75.5,,78,,80.75,,83.5,84.75,,,,,
7/30/2015,62.5,,64.5,,66.75,,69,70.25,71.5,,73.75,,76.25,,79,,81.5,83,,,,,
7/29/2015,63.75,,66,,68.25,,70.5,71.75,73,,75.25,,77.75,,80.25,,83,84.5,,,,,
7/28/2015,67.5,,70,,72.25,,74.75,76,77.25,,80,,82.5,,85.5,,88.25,89.75,,,,,
7/27/2015,76.25,,78.75,,81.25,,84,85.5,86.75,,89.75,,92.75,,95.75,,98.75,100.5,,,,,
7/24/2015,71,,73.5,,76,,78.75,80,81.25,,84,,86.75,,89.5,,92.5,94,,,,,
7/23/2015,65.5,,67.75,,70,,72.25,73.5,74.75,,77.25,,79.75,,82.5,,85.25,86.5,,,,,
7/22/2015,63,,65,,67.25,,69.5,70.5,71.75,,74.25,,76.75,,79.25,,81.75,83,,,,,
7/21/2015,61.75,,64,,66,,68.25,69.5,70.5,,73,,75.5,,78,,80.5,82,,,,,
7/20/2015,60.5,,62.75,,64.75,,67,68,69.25,,71.5,,74,,76.5,,79,80.25,,,,,
7/17/2015,61.75,,63.75,,66,,68,69.25,70.5,,72.75,,75,,77.5,,80.25,81.5,,,,,
7/16/2015,62.5,,64.5,,66.5,,69,70,71.25,,73.5,,76,,78.5,,81,82.5,,,,,
7/15/2015,66.5,,68.75,,71,,73.25,74.5,75.75,,78.25,,80.75,,83.25,,86,87.25,,,,,
7/14/2015,67,,69.25,,71.5,,73.75,75,76.25,,78.75,,81.25,,84,,86.5,88,,,,,
7/13/2015,68.75,,71,,73.25,,75.75,77,78,,80.75,,83.25,,86,,88.75,90.25,,,,,
7/10/2015,79.5,,82,,84.5,,87.25,88.5,90,,92.75,,95.75,,98.75,,101.75,103.25,,,,,
7/9/2015,91.5,,94.25,,97,,100,101.5,103,,106.25,,109.5,,112.75,,116.25,118,,,,,
7/8/2015,90.5,,93.5,,96.25,,99.25,100.75,102.25,,105.5,,108.5,,112,,115.25,117,,,,,
7/7/2015,78,,80.5,,83.25,,85.75,87.25,88.5,,91.5,,94.25,,97.25,,100.25,101.75,,,,,
7/6/2015,82.5,,85,,87.75,,90.5,92,93.25,,96.25,,99.25,,102.25,,105.5,107,,,,,
7/2/2015,81,,83.5,,86.25,,89,90.25,91.75,,94.5,,97.5,,100.75,,104,105.5,,,,,
7/1/2015,79,,81.5,,84,,86.75,88,89.5,,92.5,,95.25,,98.25,,101.5,103,,,,,
6/30/2015,86.75,,89.5,,92.25,,95.25,96.5,98,,101.25,,104.25,,107.5,,110.75,112.5,,,,,
6/29/2015,89.75,,92.5,,95.5,,98.25,99.75,101.25,,104.25,,107.5,,110.75,,114,115.75,,,,,
6/26/2015,73.25,,75.5,,78,,80.5,81.5,83,,85.5,,88.25,,91,,94,95.5,,,,,
6/25/2015,74.5,,77,,79.25,,81.75,83,84.5,,87,,89.75,,92.5,,95.5,97,,,,,
6/24/2015,73,,75.5,,77.75,,80.25,81.5,82.75,,85.25,,88,,90.75,,93.75,95,,,,,
6/23/2015,69.25,,71.5,,73.75,,76,77.25,78.5,,80.75,,83.5,,86,,88.75,90,,,,,
6/22/2015,71.25,,73.5,,75.75,,78.25,79.5,80.75,,83.25,,85.75,,88.5,,91,92.5,,,,,
6/19/2015,0.05,,0.05,,0.05,,0.05,0.05,0.05,,0.05,,0.05,,0.05,,0.05,0.05,,,,,
