Date,future,future_rounded,impvol_avg,ewma_avg,signal,entry_strike,call_ATM,put_ATM,call_wing,put_wing,call_ATM_delta,put_ATM_delta,call_wing_delta,put_wing_delta,call_ATM_old,put_ATM_old,call_wing_old,put_wing_old,butterfly,butterfly_old,profit,cum_profit,delta_hedge
2015-06-25,2076.5,2075,0.1605583069819818,0.1395386054579038,-1.0,2075,132.25,130.75,52.75,141.75,0.5332465042990572,-0.4667534957009428,0.5212130641091787,-0.47878693589082133,142.25,123.25,136.0,119.75,68.5,,68.5,68.5,0.024066880379757016
2015-06-26,2078.25,2080,0.15941037312708808,0.14394433932635625,-1.0,2080,129.75,131.5,124.0,127.5,0.5292910829033814,-0.47070891709661855,0.5171754412189344,-0.48282455878106556,135.75,128.75,52.75,141.75,9.75,70.0,-60.25,8.25,0.02423128336889402
2015-06-29,2032.75,2035,0.1714192813690155,0.15567398395293397,-1.0,2035,77.0,127.0,72.0,134.0,0.5307998735233154,-0.46920012647668463,0.5192388750826413,-0.4807611249173587,129.25,132.75,123.0,129.0,-2.0,10.0,-12.0,-3.75,0.023121996881348084
2015-06-30,2036.5,2035,0.16931963354067014,0.15863747133414338,-1.0,2035,77.0,127.0,72.0,130.5,0.5353967340769369,-0.4646032659230631,0.523684928503461,-0.47631507149653896,77.0,127.0,72.0,111.5,1.5,20.5,-19.0,-22.75,0.023423611146951684
2015-07-01,2053.25,2055,0.16248285033524515,0.15689425604209434,-1.0,2055,66.75,136.5,62.0,131.75,0.5299112229258554,-0.47008877707414465,0.5177963980944907,-0.48220360190550926,77.0,127.0,72.0,134.0,9.5,-2.0,11.5,-11.25,0.024229649662729225
2015-07-02,2051.0,2050,0.16500174231320672,0.1591523848556271,-1.0,2050,132.75,131.75,126.5,128.0,0.5336751278197243,-0.46632487218027574,0.5217066464294433,-0.4782933535705567,66.75,136.5,62.0,131.75,10.0,9.5,0.5,-10.75,0.0239369627805619
2015-07-06,2046.75,2045,0.16722702931915093,0.16139217314638696,-1.0,2045,72.0,131.75,66.75,127.0,0.5348052820545666,-0.46519471794543343,0.5229016893262646,-0.4770983106737354,132.75,129.5,126.75,125.75,10.0,9.75,0.25,-10.5,0.023807185456603985
2015-07-07,2055.5,2055,0.16361380463587566,0.1604316293459338,-1.0,2055,66.75,136.5,62.0,131.75,0.5328223902854827,-0.4671776097145173,0.5206930591157155,-0.4793069408842845,72.0,131.75,66.75,127.0,9.5,10.0,-0.5,-11.0,0.024258662339534443
2015-07-08,2021.0,2020,0.17146729574146266,0.16721585201700856,-1.0,2020,134.75,133.75,128.75,129.75,0.5348449130258712,-0.4651550869741288,0.5230585497152856,-0.47694145028471435,66.75,136.5,62.0,131.75,10.0,9.5,0.5,-10.5,0.02357272662117116
2015-07-09,2023.0,2025,0.17306744166785107,0.16758821289955123,-1.0,2025,134.5,136.5,77.0,118.0,0.5315823686087195,-0.46841763139128045,0.5199103656584191,-0.4800896343415809,152.25,116.75,146.0,113.25,76.0,9.75,66.25,55.75,0.023344005900600928
2015-07-10,2051.0,2050,0.1643149225289744,0.16350002433206293,0.0,0,0.0,0.0,0.0,0.0,0.0,0.0,0.0,0.0,131.75,135.75,77.0,118.0,0.0,72.5,-72.5,-16.75,0.0
2015-07-13,2076.25,2075,0.15608473713380924,0.15863922374077669,1.0,2075,125.25,124.0,52.75,141.75,0.5321027301705814,-0.4678972698294186,0.5193978792685253,-0.4806021207314747,0.0,0.0,0.0,0.0,-54.75,0.0,-54.75,-71.5,0.025409701804112172
2015-07-14,2084.0,2085,0.15490774048076425,0.15658590421065752,0.0,0,0.0,0.0,0.0,0.0,0.0,0.0,0.0,0.0,115.5,139.5,52.75,141.75,0.0,-60.5,60.5,-11.0,0.0
2015-07-15,2086.25,2085,0.15544211360019963,0.15638783266982167,0.0,0,0.0,0.0,0.0,0.0,0.0,0.0,0.0,0.0,0.0,0.0,0.0,0.0,0.0,0.0,0.0,-11.0,0.0
2015-07-16,2098.75,2100,0.15257728747728636,0.15366794687935872,0.0,0,0.0,0.0,0.0,0.0,0.0,0.0,0.0,0.0,0.0,0.0,0.0,0.0,0.0,0.0,0.0,-11.0,0.0
2015-07-17,2100.5,2100,0.1519038116253085,0.15336604963315456,0.0,0,0.0,0.0,0.0,0.0,0.0,0.0,0.0,0.0,0.0,0.0,0.0,0.0,0.0,0.0,0.0,-11.0,0.0
2015-07-20,2103.75,2105,0.15135161153144794,0.15232288999798932,0.0,0,0.0,0.0,0.0,0.0,0.0,0.0,0.0,0.0,0.0,0.0,0.0,0.0,0.0,0.0,0.0,-11.0,0.0
2015-07-21,2096.25,2095,0.15237497685199602,0.15373879592041176,0.0,0,0.0,0.0,0.0,0.0,0.0,0.0,0.0,0.0,0.0,0.0,0.0,0.0,0.0,0.0,0.0,-11.0,0.0
2015-07-22,2089.75,2090,0.1520576899317803,0.15415917694724088,1.0,2090,120.5,120.75,114.5,117.0,0.5295267058057932,-0.4704732941942068,0.5163983325274049,-0.48360166747259514,0.0,0.0,0.0,0.0,-9.75,0.0,-9.75,-20.75,0.026256746556776678
2015-07-23,2080.25,2080,0.15470588023611334,0.1556602756038219,0.0,0,0.0,0.0,0.0,0.0,0.0,0.0,0.0,0.0,125.0,119.0,119.0,115.0,0.0,-10.0,10.0,-10.75,0.0
2015-07-24,2059.5,2060,0.15815386965868292,0.1589116432012491,0.0,0,0.0,0.0,0.0,0.0,0.0,0.0,0.0,0.0,0.0,0.0,0.0,0.0,0.0,0.0,0.0,-10.75,0.0
2015-07-27,2046.25,2045,0.16362412847171867,0.16181879493886583,0.0,0,0.0,0.0,0.0,0.0,0.0,0.0,0.0,0.0,0.0,0.0,0.0,0.0,0.0,0.0,0.0,-10.75,0.0
2015-07-28,2069.0,2070,0.1564814836681235,0.15736425335010046,0.0,0,0.0,0.0,0.0,0.0,0.0,0.0,0.0,0.0,0.0,0.0,0.0,0.0,0.0,0.0,0.0,-10.75,0.0
2015-07-29,2083.25,2085,0.15347307335385843,0.1545877080536186,0.0,0,0.0,0.0,0.0,0.0,0.0,0.0,0.0,0.0,0.0,0.0,0.0,0.0,0.0,0.0,0.0,-10.75,0.0
2015-07-30,2085.5,2085,0.15303035764953846,0.15432683084972834,0.0,0,0.0,0.0,0.0,0.0,0.0,0.0,0.0,0.0,0.0,0.0,0.0,0.0,0.0,0.0,0.0,-10.75,0.0
2015-07-31,2080.0,2080,0.15386542367069192,0.15494517044303452,0.0,0,0.0,0.0,0.0,0.0,0.0,0.0,0.0,0.0,0.0,0.0,0.0,0.0,0.0,0.0,0.0,-10.75,0.0
2015-08-03,2072.25,2070,0.15443250666199132,0.15624022534027926,0.0,0,0.0,0.0,0.0,0.0,0.0,0.0,0.0,0.0,0.0,0.0,0.0,0.0,0.0,0.0,0.0,-10.75,0.0
2015-08-04,2064.5,2065,0.1553336838194805,0.15680294283387994,0.0,0,0.0,0.0,0.0,0.0,0.0,0.0,0.0,0.0,0.0,0.0,0.0,0.0,0.0,0.0,0.0,-10.75,0.0
2015-08-05,2075.5,2075,0.15398684175185298,0.15489869050232954,0.0,0,0.0,0.0,0.0,0.0,0.0,0.0,0.0,0.0,0.0,0.0,0.0,0.0,0.0,0.0,0.0,-10.75,0.0
2015-08-06,2061.25,2060,0.15719027633832625,0.1574420057594223,0.0,0,0.0,0.0,0.0,0.0,0.0,0.0,0.0,0.0,0.0,0.0,0.0,0.0,0.0,0.0,0.0,-10.75,0.0
2015-08-07,2055.25,2055,0.1568332773713163,0.1580785658098493,0.0,0,0.0,0.0,0.0,0.0,0.0,0.0,0.0,0.0,0.0,0.0,0.0,0.0,0.0,0.0,0.0,-10.75,0.0
2015-08-10,2081.5,2080,0.15284273370124726,0.15355719730552386,0.0,0,0.0,0.0,0.0,0.0,0.0,0.0,0.0,0.0,0.0,0.0,0.0,0.0,0.0,0.0,0.0,-10.75,0.0
2015-08-11,2061.25,2060,0.15820059722077082,0.1572351270036498,0.0,0,0.0,0.0,0.0,0.0,0.0,0.0,0.0,0.0,0.0,0.0,0.0,0.0,0.0,0.0,0.0,-10.75,0.0
2015-08-12,2065.5,2065,0.1576331497353914,0.1565693601018013,0.0,0,0.0,0.0,0.0,0.0,0.0,0.0,0.0,0.0,0.0,0.0,0.0,0.0,0.0,0.0,0.0,-10.75,0.0
2015-08-13,2061.75,2060,0.1583583847871149,0.15760431472587239,0.0,0,0.0,0.0,0.0,0.0,0.0,0.0,0.0,0.0,0.0,0.0,0.0,0.0,0.0,0.0,0.0,-10.75,0.0
2015-08-14,2070.75,2070,0.15627098532363423,0.1559065356112165,0.0,0,0.0,0.0,0.0,0.0,0.0,0.0,0.0,0.0,0.0,0.0,0.0,0.0,0.0,0.0,0.0,-10.75,0.0
2015-08-17,2080.75,2080,0.15391978183216296,0.15411385877191605,0.0,0,0.0,0.0,0.0,0.0,0.0,0.0,0.0,0.0,0.0,0.0,0.0,0.0,0.0,0.0,0.0,-10.75,0.0
2015-08-18,2075.25,2075,0.15586638468688063,0.15514519799070547,0.0,0,0.0,0.0,0.0,0.0,0.0,0.0,0.0,0.0,0.0,0.0,0.0,0.0,0.0,0.0,0.0,-10.75,0.0
2015-08-19,2054.0,2055,0.15926331655348838,0.15880124147813057,0.0,0,0.0,0.0,0.0,0.0,0.0,0.0,0.0,0.0,0.0,0.0,0.0,0.0,0.0,0.0,0.0,-10.75,0.0
2015-08-20,2006.5,2005,0.17128581347759794,0.16836206823993863,-1.0,2005,94.0,113.75,88.0,109.75,0.5331668483119688,-0.4668331516880312,0.5204571411070325,-0.47954285889296755,0.0,0.0,0.0,0.0,10.0,0.0,10.0,-0.75,0.02541941440987272
2015-08-21,1952.0,1950,0.18755729064737262,0.17988642722822984,-1.0,1950,133.25,131.5,127.5,127.5,0.5367097917785637,-0.4632902082214363,0.5247648132043878,-0.47523518679561216,94.0,113.75,88.0,109.75,9.75,10.0,-0.25,-1.0,0.023889957148351737
2015-08-24,1850.75,1850,0.21146533854938157,0.19939368961041204,-1.0,1850,141.25,140.5,135.25,136.5,0.5392374130652379,-0.46076258693476213,0.5280222659979392,-0.4719777340020608,161.5,105.25,154.75,102.0,10.0,10.0,0.0,-1.0,0.022430294134597295
2015-08-25,1852.5,1850,0.2107879033658072,0.20129308589551537,-1.0,1850,141.5,139.0,135.5,135.0,0.5413696632457817,-0.45863033675421827,0.5301047523772651,-0.46989524762273494,198.0,96.5,191.25,93.5,10.0,9.75,0.25,-0.75,0.02252982173703333
2015-08-26,1917.25,1915,0.19517731331410007,0.19054889510294754,-1.0,1915,151.5,81.75,129.5,78.75,0.5382185726833385,-0.4617814273166615,0.5264361125067366,-0.4735638874932634,141.25,140.5,135.25,136.5,25.0,10.0,15.0,14.25,0.02356492035320379
2015-08-27,1968.0,1970,0.189513106115273,0.1819992336643927,-1.0,1970,132.5,134.75,126.75,130.75,0.5319505714852418,-0.46804942851475817,0.5201202157641385,-0.47987978423586153,151.5,81.75,99.75,78.75,9.75,54.75,-45.0,-30.75,0.023660711442206717
2015-08-28,1968.25,1970,0.1939831495611477,0.18399677247970989,-1.0,1970,135.75,137.5,129.75,133.5,0.5330221775725676,-0.46697782242743235,0.5214471072700575,-0.4785528927299425,104.25,156.75,99.0,152.25,10.0,9.75,0.25,-30.5,0.023150140605020297
2015-08-31,1948.0,1950,0.20264946281503035,0.1902032543538201,-1.0,1950,139.5,141.5,133.5,137.5,0.5337902434471082,-0.46620975655289176,0.5225410869537986,-0.47745891304620136,132.5,134.75,126.75,130.75,10.0,9.75,0.25,-30.25,0.022498312986619196
2015-09-01,1894.5,1895,0.21913733608783928,0.20350114767471328,-1.0,1895,165.5,76.0,158.5,73.0,0.5385259298990818,-0.46147407010091823,0.5278139293551215,-0.4721860706448785,148.0,129.75,141.75,126.0,10.0,10.0,0.0,-30.25,0.02142400108792053
2015-09-02,1925.5,1925,0.2083629880000009,0.19964154851899016,-1.0,1925,142.5,142.0,138.0,81.75,0.5376561807151051,-0.4623438192848949,0.5265437916454605,-0.4734562083545395,165.5,76.0,158.5,73.0,64.75,10.0,54.75,24.5,0.022224778139289247
2015-09-03,1924.5,1925,0.20964217684877165,0.20130840823800597,-1.0,1925,142.5,143.0,138.0,81.75,0.536874593911957,-0.463125406088043,0.5258091698016298,-0.47419083019837016,130.0,160.5,138.0,81.75,65.75,70.75,-5.0,19.5,0.022130848220654364
2015-09-04,1900.0,1900,0.2180055891403841,0.20804535729697887,-1.0,1900,146.25,146.25,140.5,142.25,0.5388235165969194,-0.4611764834030806,0.528028771226847,-0.471971228773153,142.5,142.0,138.0,81.75,9.75,64.75,-55.0,-35.5,0.021589490740144823
2015-09-08,1944.0,1945,0.20704316355626862,0.20075239707426756,-1.0,1945,131.25,91.5,124.75,88.0,0.5355322044669608,-0.4644677955330392,0.524342228836404,-0.475657771163596,157.75,133.5,151.5,129.75,10.0,10.0,0.0,-35.5,0.022379951261113584
2015-09-09,1920.5,1920,0.21096944938832432,0.20642811011395512,-1.0,1920,142.25,141.5,136.25,137.5,0.5378251938816768,-0.4621748061183232,0.5266862096320812,-0.47331379036791876,131.25,91.5,124.75,88.0,10.0,10.0,0.0,-35.5,0.02227796849919117
2015-09-10,1926.75,1925,0.20823723942926425,0.20592854583381556,-1.0,1925,141.0,139.25,138.0,81.75,0.538704940698844,-0.461295059301156,0.5274309286705032,-0.47256907132949677,156.0,132.0,149.75,128.25,60.5,10.0,50.5,15.0,0.022548024056681548
2015-09-11,1937.0,1935,0.20547301271922241,0.2042177178645806,0.0,0,0.0,0.0,0.0,0.0,0.0,0.0,0.0,0.0,139.25,143.5,138.0,81.75,0.0,63.0,-63.0,-48.0,0.0
2015-09-14,1930.75,1930,0.20874943878902116,0.20580068917766803,-1.0,1930,140.25,139.5,134.25,135.5,0.5374046193844539,-0.46259538061554606,0.5261035940425907,-0.47389640595740934,0.0,0.0,0.0,0.0,10.0,0.0,10.0,-38.0,0.02260205068372656
2015-09-15,1956.5,1955,0.19806271179822596,0.2003446346880909,1.0,1955,124.75,94.75,118.25,91.5,0.5360822886616459,-0.46391771133835413,0.5242985775255936,-0.4757014224744064,143.0,135.75,136.75,132.0,-9.75,10.0,-19.75,-57.75,0.02356742227210451
2015-09-16,1974.5,1975,0.18818192035666434,0.195012929217835,1.0,1975,128.25,128.75,105.75,98.5,0.5317460167362323,-0.46825398326376766,0.5194366484575794,-0.4805633515424206,124.75,94.75,118.25,91.5,-52.75,-9.75,-43.0,-100.75,0.024618736557305843
2015-09-17,1963.75,1965,0.19032677637488873,0.19589193215638742,1.0,1965,118.25,98.5,122.5,94.75,0.531140647632454,-0.46885935236754595,0.518884781000288,-0.481115218999712,123.25,141.75,105.75,98.5,0.5,-60.75,61.25,-39.5,0.024511733264332092
2015-09-18,1936.5,1935,0.19658907141735696,0.20098255852035615,1.0,1935,138.0,88.0,131.25,126.5,0.5355093804967622,-0.4644906195032378,0.523447627295339,-0.476552372704661,118.25,98.5,128.25,94.75,31.75,6.25,25.5,-14.0,0.02412350640284644
2015-09-21,1948.75,1950,0.18855371015810407,0.19639606131909662,1.0,1950,125.25,126.5,119.5,122.75,0.530558871060902,-0.46944112893909795,0.5179994297898326,-0.4820005702101674,138.0,88.0,131.25,114.75,-9.5,20.0,-29.5,-43.5,0.0251188825421389
2015-09-22,1917.0,1915,0.19945488274395123,0.20273174071369665,1.0,1915,151.5,81.75,125.75,78.75,0.5361938351865113,-0.4638061648134887,0.5240940854567775,-0.4759059145432225,122.75,136.5,117.0,132.5,-28.75,-9.75,-19.0,-62.5,0.024199499459467644
2015-09-23,1913.5,1915,0.1961515891188661,0.20163504334943064,1.0,1915,151.5,81.75,121.5,78.75,0.5311125222775055,-0.4688874777224945,0.5187749559083763,-0.4812250440916237,151.5,81.75,140.5,78.75,-33.0,-14.0,-19.0,-81.5,0.024675132738258387
2015-09-24,1903.5,1905,0.2008608076787526,0.20315699660187883,1.0,1905,158.5,78.75,151.5,76.0,0.5318947403181618,-0.46810525968183825,0.5197623920229941,-0.4802376079770059,151.5,81.75,125.75,78.75,-9.75,-28.75,19.0,-62.5,0.024264696590335255
2015-09-25,1904.0,1905,0.20205071397155017,0.20297261552931392,0.0,0,0.0,0.0,0.0,0.0,0.0,0.0,0.0,0.0,158.5,78.75,151.5,76.0,0.0,-9.75,9.75,-52.75,0.0
2015-09-28,1856.5,1855,0.21504525165808736,0.2131394753664391,0.0,0,0.0,0.0,0.0,0.0,0.0,0.0,0.0,0.0,0.0,0.0,0.0,0.0,0.0,0.0,0.0,-52.75,0.0
2015-09-29,1858.75,1860,0.21275799129087886,0.21226901776630128,0.0,0,0.0,0.0,0.0,0.0,0.0,0.0,0.0,0.0,0.0,0.0,0.0,0.0,0.0,0.0,0.0,-52.75,0.0
2015-09-30,1893.0,1895,0.205387804963826,0.20543852213529767,0.0,0,0.0,0.0,0.0,0.0,0.0,0.0,0.0,0.0,0.0,0.0,0.0,0.0,0.0,0.0,0.0,-52.75,0.0
2015-10-01,1901.0,1900,0.2036704773869404,0.20433331313700137,0.0,0,0.0,0.0,0.0,0.0,0.0,0.0,0.0,0.0,0.0,0.0,0.0,0.0,0.0,0.0,0.0,-52.75,0.0
2015-10-02,1927.25,1925,0.19697655457138113,0.19903248185888184,1.0,1925,128.5,126.25,138.0,81.75,0.535518052016658,-0.46448194798334197,0.5230945513917061,-0.47690544860829387,0.0,0.0,0.0,0.0,-35.0,0.0,-35.0,-87.75,0.0248470012499038
2015-10-05,1958.75,1960,0.18895059052798233,0.1915403651680367,1.0,1960,123.0,124.25,117.0,120.25,0.5295755778397387,-0.47042442216026126,0.5167677816675278,-0.4832322183324722,116.5,140.25,138.0,81.75,-10.0,-37.0,27.0,-60.75,0.0256155923444219
2015-10-06,1952.5,1950,0.1904557217913438,0.19301244182888452,1.0,1950,125.0,122.5,119.25,118.5,0.5347456709532314,-0.46525432904676856,0.5219598372059244,-0.4780401627940756,108.0,140.5,102.5,136.25,-9.75,-9.75,0.0,-60.75,0.025571667494614037
2015-10-07,1971.5,1970,0.18649181064330148,0.1886250057716438,1.0,1970,123.0,121.5,117.0,117.5,0.5329463153010686,-0.4670536846989314,0.5199913253628384,-0.48000867463716157,129.0,120.25,123.0,116.25,-10.0,-10.0,0.0,-60.75,0.025909979876460376
2015-10-08,1991.0,1990,0.18010470894908165,0.1838792226472897,1.0,1990,119.5,118.5,113.5,114.5,0.5310310256999274,-0.46896897430007256,0.5177204415317858,-0.48227955846821424,113.5,130.75,107.75,126.5,-10.0,-10.0,0.0,-60.75,0.026621168336283363
2015-10-09,1991.75,1990,0.17989452561541588,0.18321510610639608,1.0,1990,119.5,117.75,113.5,113.75,0.532311053523512,-0.46768894647648795,0.5189611583884586,-0.4810388416115414,111.0,129.5,105.25,125.5,-10.0,-9.75,-0.25,-61.0,0.026699790270106938
2015-10-12,1995.5,1995,0.17523282794761344,0.1810532969371986,1.0,1995,99.75,109.75,94.0,105.75,0.5295338433282728,-0.4704661566717272,0.5157747583376973,-0.48422524166230274,119.5,118.5,113.5,114.5,-9.75,-10.0,0.25,-60.75,0.027518169981151086
2015-10-13,1978.25,1980,0.181930004924073,0.18368552341957803,0.0,0,0.0,0.0,0.0,0.0,0.0,0.0,0.0,0.0,99.75,109.75,94.0,105.75,0.0,-9.75,9.75,-51.0,0.0
2015-10-14,1968.5,1970,0.18512807389539102,0.18558864665418476,0.0,0,0.0,0.0,0.0,0.0,0.0,0.0,0.0,0.0,0.0,0.0,0.0,0.0,0.0,0.0,0.0,-51.0,0.0
2015-10-15,2003.25,2005,0.174598605600538,0.1778798135618757,1.0,2005,94.0,113.75,88.0,109.75,0.5261427832926628,-0.47385721670733716,0.5123126520010675,-0.48768734799893254,0.0,0.0,0.0,0.0,-10.0,0.0,-10.0,-61.0,0.027660262583190764
2015-10-16,2009.75,2010,0.1730423924548477,0.17622813724154804,1.0,2010,113.5,113.75,107.5,109.75,0.5284717534717527,-0.4715282465282473,0.514527566132535,-0.48547243386746497,94.0,113.75,88.0,109.75,-10.0,-10.0,0.0,-61.0,0.0278883746784353
2015-10-19,2011.5,2010,0.16877214202360746,0.1749854711407122,1.0,2010,111.0,109.25,105.0,105.5,0.5308940708360044,-0.4691059291639956,0.5165132846270025,-0.4834867153729975,110.5,117.25,104.75,113.5,-9.75,-9.5,-0.25,-61.25,0.0287615724180037
2015-10-20,2005.0,2005,0.17092771326200426,0.17514917396654836,1.0,2005,94.0,113.75,88.0,109.75,0.5291958896278605,-0.47080411037213954,0.5149282475798087,-0.4850717524201913,113.5,113.75,107.5,109.75,-10.0,-10.0,0.0,-61.25,0.028535284096103508
2015-10-21,1993.0,1995,0.1754363556460177,0.17687247568079362,0.0,0,0.0,0.0,0.0,0.0,0.0,0.0,0.0,0.0,94.0,113.75,88.0,109.75,0.0,-10.0,10.0,-51.25,0.0
2015-10-22,2037.75,2040,0.1631819483881074,0.16699636437934764,1.0,2040,106.25,108.5,100.25,104.5,0.5233874843624565,-0.4766125156375435,0.5086263980614562,-0.49137360193854385,0.0,0.0,0.0,0.0,-10.0,0.0,-10.0,-61.25,0.02952217260200074
2015-10-23,2051.0,2050,0.16417702818563537,0.16483469209318755,0.0,0,0.0,0.0,0.0,0.0,0.0,0.0,0.0,0.0,86.5,133.25,81.0,128.75,0.0,-10.0,10.0,-51.25,0.0
2015-10-26,2047.25,2045,0.1681733158254051,0.16623895969126531,0.0,0,0.0,0.0,0.0,0.0,0.0,0.0,0.0,0.0,0.0,0.0,0.0,0.0,0.0,0.0,0.0,-51.25,0.0
2015-10-27,2045.5,2045,0.1673204777985599,0.166419212720378,0.0,0,0.0,0.0,0.0,0.0,0.0,0.0,0.0,0.0,0.0,0.0,0.0,0.0,0.0,0.0,0.0,-51.25,0.0
2015-10-28,2069.75,2070,0.16247563237584597,0.1613729749229011,0.0,0,0.0,0.0,0.0,0.0,0.0,0.0,0.0,0.0,0.0,0.0,0.0,0.0,0.0,0.0,0.0,-51.25,0.0
2015-10-29,2068.25,2070,0.16274042040937384,0.16160088251384044,0.0,0,0.0,0.0,0.0,0.0,0.0,0.0,0.0,0.0,0.0,0.0,0.0,0.0,0.0,0.0,0.0,-51.25,0.0
2015-10-30,2059.25,2060,0.16456919561303202,0.16387050003236894,0.0,0,0.0,0.0,0.0,0.0,0.0,0.0,0.0,0.0,0.0,0.0,0.0,0.0,0.0,0.0,0.0,-51.25,0.0
2015-11-02,2081.0,2080,0.15854977149556865,0.15938265708290425,0.0,0,0.0,0.0,0.0,0.0,0.0,0.0,0.0,0.0,0.0,0.0,0.0,0.0,0.0,0.0,0.0,-51.25,0.0
2015-11-03,2088.75,2090,0.15840348598768367,0.15743973382820417,0.0,0,0.0,0.0,0.0,0.0,0.0,0.0,0.0,0.0,0.0,0.0,0.0,0.0,0.0,0.0,0.0,-51.25,0.0
2015-11-04,2080.75,2080,0.1629354271069967,0.1601407419290226,-1.0,2080,106.75,106.0,100.5,102.25,0.5280216267957695,-0.47197837320423053,0.5131184705541938,-0.4868815294458062,0.0,0.0,0.0,0.0,10.0,0.0,10.0,-41.25,0.029806312483151354
2015-11-05,2080.25,2080,0.16234154835769776,0.16050754300684628,0.0,0,0.0,0.0,0.0,0.0,0.0,0.0,0.0,0.0,109.75,101.0,103.5,97.25,0.0,10.0,-10.0,-51.25,0.0
2015-11-06,2080.25,2080,0.16025159429523814,0.16046488488762675,0.0,0,0.0,0.0,0.0,0.0,0.0,0.0,0.0,0.0,0.0,0.0,0.0,0.0,0.0,0.0,0.0,-51.25,0.0
2015-11-09,2059.25,2060,0.1673469988999139,0.1652013846330236,-1.0,2060,106.5,107.25,100.5,103.5,0.5257684633999681,-0.4742315366000319,0.5109488143252477,-0.48905118567475225,0.0,0.0,0.0,0.0,9.75,0.0,9.75,-41.5,0.029639298149440663
2015-11-10,2064.5,2065,0.16332370832312074,0.16399021424421262,0.0,0,0.0,0.0,0.0,0.0,0.0,0.0,0.0,0.0,116.75,96.75,110.5,93.25,0.0,9.75,-9.75,-51.25,0.0
2015-11-11,2055.25,2055,0.16662996789640908,0.1662375986120446,0.0,0,0.0,0.0,0.0,0.0,0.0,0.0,0.0,0.0,0.0,0.0,0.0,0.0,0.0,0.0,0.0,-51.25,0.0
2015-11-12,2026.5,2025,0.17675000992414241,0.17334378126634006,-1.0,2025,111.0,109.5,77.0,118.0,0.5307746466318081,-0.46922535336819193,0.516413486052752,-0.48358651394724805,0.0,0.0,0.0,0.0,25.5,0.0,25.5,-25.75,0.02872232115811224
2015-11-13,2004.5,2005,0.18488879384233287,0.1788090234438926,-1.0,2005,94.0,113.75,88.0,109.75,0.5282139721644866,-0.4717860278355134,0.5143118442080391,-0.4856881557919609,125.0,94.75,77.0,118.0,10.0,24.75,-14.75,-40.5,0.027804255912895037
2015-11-16,2033.75,2035,0.17514150951237042,0.17282958852524888,-1.0,2035,77.0,127.0,72.0,105.5,0.5256025695768007,-0.47439743042319926,0.5110362867881486,-0.4889637132118514,94.0,113.75,88.0,109.75,26.5,10.0,16.5,-24.0,0.02913256557730426
2015-11-17,2034.75,2035,0.17682480668399905,0.17349545822106655,-1.0,2035,77.0,127.0,72.0,105.75,0.5277654280097417,-0.4722345719902583,0.5133078911187936,-0.4866921088812064,77.0,127.0,72.0,122.25,26.25,9.75,16.5,-7.5,0.028915073781896172
2015-11-18,2065.5,2065,0.16902375574123468,0.16727199111368365,0.0,0,0.0,0.0,0.0,0.0,0.0,0.0,0.0,0.0,77.0,127.0,72.0,105.5,0.0,26.5,-26.5,-34.0,0.0
2015-11-19,2065.25,2065,0.17273238290472265,0.16818205641474582,-1.0,2065,62.0,141.75,102.25,136.5,0.5275961298400943,-0.4724038701599057,0.5129411102705425,-0.48705888972945754,0.0,0.0,0.0,0.0,-35.0,0.0,-35.0,-69.0,0.029310039139103683
2015-11-20,2074.75,2075,0.1683303043382093,0.1663695823272489,0.0,0,0.0,0.0,0.0,0.0,0.0,0.0,0.0,0.0,62.0,141.75,100.25,136.5,0.0,-33.0,33.0,-36.0,0.0
2015-11-23,2070.25,2070,0.16840418622511927,0.16762509857597693,0.0,0,0.0,0.0,0.0,0.0,0.0,0.0,0.0,0.0,0.0,0.0,0.0,0.0,0.0,0.0,0.0,-36.0,0.0
2015-11-24,2070.75,2070,0.16833476248693707,0.1677433758946625,0.0,0,0.0,0.0,0.0,0.0,0.0,0.0,0.0,0.0,0.0,0.0,0.0,0.0,0.0,0.0,0.0,-36.0,0.0
2015-11-25,2074.25,2075,0.1661882383648849,0.16656257413225745,0.0,0,0.0,0.0,0.0,0.0,0.0,0.0,0.0,0.0,0.0,0.0,0.0,0.0,0.0,0.0,0.0,-36.0,0.0
2015-11-27,2076.0,2075,0.16637186325506526,0.1665307889860229,0.0,0,0.0,0.0,0.0,0.0,0.0,0.0,0.0,0.0,0.0,0.0,0.0,0.0,0.0,0.0,0.0,-36.0,0.0
2015-11-30,2066.0,2065,0.16928111670864898,0.16886583675731934,0.0,0,0.0,0.0,0.0,0.0,0.0,0.0,0.0,0.0,0.0,0.0,0.0,0.0,0.0,0.0,0.0,-36.0,0.0
2015-12-01,2086.0,2085,0.16176786699145393,0.16389044058178343,1.0,2085,52.75,152.5,48.5,95.0,0.528862153587909,-0.471137846412091,0.5129045570615332,-0.48709544293846685,0.0,0.0,0.0,0.0,-61.75,0.0,-61.75,-97.75,0.0319151930527517
2015-12-02,2067.75,2070,0.16566854406973847,0.16706111221679634,0.0,0,0.0,0.0,0.0,0.0,0.0,0.0,0.0,0.0,52.75,152.5,48.5,106.5,0.0,-50.25,50.25,-47.5,0.0
2015-12-03,2037.25,2035,0.17450553740370414,0.17493355953357806,0.0,0,0.0,0.0,0.0,0.0,0.0,0.0,0.0,0.0,0.0,0.0,0.0,0.0,0.0,0.0,0.0,-47.5,0.0
2015-12-04,2074.5,2075,0.16334387689033886,0.16536776890404375,1.0,2075,98.75,99.25,52.75,141.75,0.5260968616290277,-0.4739031383709723,0.5100907143308892,-0.48990928566911085,0.0,0.0,0.0,0.0,-3.5,0.0,-3.5,-51.0,0.03201229459627708
2015-12-07,2067.0,2065,0.16634525629672406,0.16743019609285123,0.0,0,0.0,0.0,0.0,0.0,0.0,0.0,0.0,0.0,81.5,119.25,52.75,141.75,0.0,-6.25,6.25,-44.75,0.0
2015-12-08,2044.25,2045,0.17353298726187233,0.17224967870684046,0.0,0,0.0,0.0,0.0,0.0,0.0,0.0,0.0,0.0,0.0,0.0,0.0,0.0,0.0,0.0,0.0,-44.75,0.0
2015-12-09,2027.25,2025,0.17972681031332632,0.1773009636944252,-1.0,2025,106.0,104.0,77.0,118.0,0.5323564761536751,-0.4676435238463249,0.5172708113409977,-0.4827291886590023,0.0,0.0,0.0,0.0,15.0,0.0,15.0,-29.75,0.030171329625354737
2015-12-10,2034.0,2035,0.1785893443093381,0.1755963730217546,-1.0,2035,77.0,127.0,72.0,101.0,0.527221190949465,-0.47277880905053504,0.5120631974532563,-0.48793680254674365,114.5,95.5,77.0,118.0,31.0,15.0,16.0,-13.75,0.03031598699241722
2015-12-11,1994.25,1995,0.19496848087431687,0.18645270052175006,-1.0,1995,99.75,109.75,94.0,105.75,0.5290988005783669,-0.4709011994216331,0.514903392564356,-0.485096607435644,77.0,127.0,72.0,104.0,9.75,28.0,-18.25,-32.0,0.028390816028021737
2015-12-14,2002.5,2000,0.18952631236873432,0.18600104910633894,-1.0,2000,109.0,106.75,103.0,103.0,0.5324382074522661,-0.4675617925477339,0.5177614013341983,-0.48223859866580165,99.75,109.75,94.0,105.75,9.75,9.75,0.0,-32.0,0.02935361223613553
2015-12-15,2029.75,2030,0.1807157947138515,0.1793498629924193,0.0,0,0.0,0.0,0.0,0.0,0.0,0.0,0.0,0.0,108.0,114.0,102.0,110.0,0.0,10.0,-10.0,-42.0,0.0
2015-12-16,2056.5,2055,0.17067442797909144,0.17297277515556933,1.0,2055,66.75,136.5,62.0,131.75,0.5298653169634627,-0.47013468303653727,0.5139091236839208,-0.48609087631607917,0.0,0.0,0.0,0.0,-9.5,0.0,-9.5,-51.5,0.031912386559083794
2015-12-17,2017.75,2020,0.17977484298880173,0.18096235687752618,0.0,0,0.0,0.0,0.0,0.0,0.0,0.0,0.0,0.0,66.75,136.5,62.0,131.75,0.0,-9.5,9.5,-42.0,0.0
2015-12-18,1985.0,1985,0.18945443039223614,0.1891953277658696,0.0,0,0.0,0.0,0.0,0.0,0.0,0.0,0.0,0.0,0.0,0.0,0.0,0.0,0.0,0.0,0.0,-42.0,0.0
2015-12-21,2008.25,2010,0.18106566506909352,0.18292421335935802,0.0,0,0.0,0.0,0.0,0.0,0.0,0.0,0.0,0.0,0.0,0.0,0.0,0.0,0.0,0.0,0.0,-42.0,0.0
2015-12-22,2029.0,2030,0.17289875052998574,0.17729933736168238,1.0,2030,97.25,98.0,91.25,94.25,0.5255004574034536,-0.47449954259654636,0.5092805591222209,-0.4907194408777791,0.0,0.0,0.0,0.0,-9.75,0.0,-9.75,-51.75,0.03243979656246543
2015-12-23,2046.5,2045,0.16874603824021106,0.17287958216566432,1.0,2045,96.5,95.0,90.5,91.5,0.5290314393389304,-0.4709685606610696,0.5124941920205441,-0.48750580797945586,88.75,110.5,83.0,106.5,-9.5,-9.75,0.25,-51.5,0.03307449463677248
2015-12-24,2044.5,2045,0.16924220371267218,0.1722733524234776,1.0,2045,95.5,96.0,89.5,92.25,0.5250509355935051,-0.47494906440649487,0.5085076088377537,-0.4914923911622463,88.25,104.0,82.5,100.0,-9.75,-9.75,0.0,-51.5,0.03308665351150286
2015-12-28,2042.25,2040,0.16923218306094287,0.17276289960030947,1.0,2040,95.5,93.5,89.5,89.75,0.5288750535689052,-0.4711249464310948,0.512105894280937,-0.487894105719063,96.5,95.0,90.5,91.5,-9.75,-9.5,-0.25,-51.75,0.033538318575936366
2015-12-29,2066.25,2065,0.16335583974358667,0.16617490843199842,1.0,2065,92.75,91.5,86.5,87.75,0.5274494538708907,-0.4725505461291093,0.5102333197855371,-0.4897666802144629,98.5,94.0,92.5,90.5,-10.0,-9.5,-0.5,-52.25,0.034432268170707214
2015-12-30,2048.0,2050,0.16735195310131462,0.16939920292948157,1.0,2050,92.25,94.25,86.25,90.5,0.5206646151463137,-0.4793353848536863,0.5036761078165218,-0.49632389218347817,80.75,103.5,75.0,99.25,-9.75,-10.0,0.25,-52.0,0.03397701465958369
2015-12-31,2028.5,2030,0.1726940012909361,0.1740364848240066,0.0,0,0.0,0.0,0.0,0.0,0.0,0.0,0.0,0.0,102.25,86.0,95.75,82.5,0.0,-10.0,10.0,-42.0,0.0
2016-01-04,2002.0,2000,0.183946306062565,0.18180967113041463,-1.0,2000,99.75,97.75,93.5,94.0,0.5303435532769113,-0.4696564467230887,0.514281524382468,-0.485718475617532,0.0,0.0,0.0,0.0,10.0,0.0,10.0,-32.0,0.032124057788886606
2016-01-05,2004.75,2005,0.17882934754530672,0.18029692230707778,0.0,0,0.0,0.0,0.0,0.0,0.0,0.0,0.0,0.0,113.5,85.0,107.0,81.75,0.0,9.75,-9.75,-41.75,0.0
2016-01-06,1978.75,1980,0.18471864273508548,0.18608621545381926,0.0,0,0.0,0.0,0.0,0.0,0.0,0.0,0.0,0.0,0.0,0.0,0.0,0.0,0.0,0.0,0.0,-41.75,0.0
2016-01-07,1925.5,1925,0.20306361452774582,0.19994312293535504,-1.0,1925,104.0,103.5,98.25,99.5,0.530339303491668,-0.469660696508332,0.5150854613820198,-0.4849145386179802,0.0,0.0,0.0,0.0,9.75,0.0,9.75,-32.0,0.030507684219296394
2016-01-08,1904.25,1905,0.2114475363075993,0.20583287881789794,-1.0,1905,106.25,107.0,100.25,103.0,0.5293732246039997,-0.4706267753960003,0.5145232629196509,-0.4854767370803491,132.25,78.5,125.5,75.5,10.0,9.75,0.25,-31.75,0.029699923368697645
2016-01-11,1907.0,1905,0.20187706318441362,0.20517357621231344,1.0,1905,101.75,100.0,95.75,96.0,0.5320815186399054,-0.4679184813600946,0.5163859147991794,-0.4836140852008206,116.25,95.75,110.25,92.25,-10.0,9.5,-19.5,-51.25,0.03139120768145198
2016-01-12,1917.5,1920,0.19499128702520357,0.20039217546997623,1.0,1920,96.5,99.0,90.75,95.0,0.5243815845319124,-0.4756184154680876,0.5081907339825685,-0.49180926601743147,106.25,107.0,100.25,103.0,-9.75,-10.0,0.25,-51.0,0.032381701098687765
2016-01-13,1874.0,1875,0.21017297347019956,0.2111748902652543,0.0,0,0.0,0.0,0.0,0.0,0.0,0.0,0.0,0.0,92.75,106.0,87.0,102.0,0.0,-9.75,9.75,-41.25,0.0
2016-01-14,1907.25,1905,0.20142693574965925,0.20340925296419363,0.0,0,0.0,0.0,0.0,0.0,0.0,0.0,0.0,0.0,0.0,0.0,0.0,0.0,0.0,0.0,0.0,-41.25,0.0
2016-01-15,1867.5,1870,0.2143896867578454,0.21245092122621365,0.0,0,0.0,0.0,0.0,0.0,0.0,0.0,0.0,0.0,0.0,0.0,0.0,0.0,0.0,0.0,0.0,-41.25,0.0
2016-01-19,1865.25,1865,0.21299283398438876,0.21358437027111613,0.0,0,0.0,0.0,0.0,0.0,0.0,0.0,0.0,0.0,0.0,0.0,0.0,0.0,0.0,0.0,0.0,-41.25,0.0
2016-01-20,1846.75,1845,0.21987160615319837,0.21884137650705934,0.0,0,0.0,0.0,0.0,0.0,0.0,0.0,0.0,0.0,0.0,0.0,0.0,0.0,0.0,0.0,0.0,-41.25,0.0
2016-01-21,1853.0,1855,0.21852844303557828,0.21665763140992822,0.0,0,0.0,0.0,0.0,0.0,0.0,0.0,0.0,0.0,0.0,0.0,0.0,0.0,0.0,0.0,0.0,-41.25,0.0
2016-01-22,1891.0,1890,0.20130407910121767,0.2065028409030108,1.0,1890,96.75,95.75,90.75,91.75,0.5302496616860122,-0.4697503383139878,0.513796719911283,-0.48620328008871705,0.0,0.0,0.0,0.0,-10.0,0.0,-10.0,-51.25,0.03290588354945845
2016-01-25,1862.0,1860,0.21121444859682842,0.21379625879129985,1.0,1860,99.5,97.25,93.5,93.5,0.5325059403317354,-0.4674940596682646,0.5164133203264696,-0.4835866796735304,81.5,118.5,76.25,114.25,-9.75,-9.5,-0.25,-51.5,0.03218524001053158
2016-01-26,1887.75,1890,0.20190957731257717,0.20524288106358438,1.0,1890,94.0,96.25,88.0,92.25,0.5250190651144979,-0.4749809348855021,0.508376852991659,-0.491623147008341,115.5,84.5,109.25,81.0,-10.0,-9.75,-0.25,-51.75,0.03328442424567779
2016-01-27,1867.0,1865,0.20804251507956467,0.2111853595682272,1.0,1865,97.5,95.5,91.5,91.5,0.5323728597552668,-0.4676271402447332,0.5159635319567322,-0.48403646804326783,82.0,109.75,76.5,105.5,-10.0,-9.75,-0.25,-52.0,0.03281865559706931
2016-01-28,1872.5,1870,0.2039301195332019,0.20889237282588183,1.0,1870,95.75,93.25,89.75,89.5,0.532491544593912,-0.467508455406088,0.5157367653477861,-0.4842632346522139,109.5,86.75,103.25,83.0,-9.75,-10.0,0.25,-51.75,0.03350955849225179
2016-01-29,1922.0,1920,0.19077590145186887,0.1949325609511448,1.0,1920,91.5,89.5,85.5,85.75,0.5297753076001458,-0.4702246923998542,0.5122606861799979,-0.48773931382000213,94.5,97.5,88.75,93.5,-9.75,-9.75,0.0,-51.75,0.03502924284029585
2016-02-01,1923.0,1925,0.18954784194843532,0.19294833533945233,1.0,1925,88.0,90.0,82.25,86.25,0.5217741011437576,-0.47822589885624245,0.5039848145182273,-0.4960151854817727,67.5,115.0,62.5,110.25,-9.5,-9.75,0.25,-51.5,0.03557857325106051
2016-02-02,1889.0,1890,0.20212529925138895,0.20217563340555625,0.0,0,0.0,0.0,0.0,0.0,0.0,0.0,0.0,0.0,88.5,91.5,82.5,87.5,0.0,-10.0,10.0,-41.5,0.0
2016-02-03,1899.75,1900,0.2005967318990375,0.1996910853815264,0.0,0,0.0,0.0,0.0,0.0,0.0,0.0,0.0,0.0,0.0,0.0,0.0,0.0,0.0,0.0,0.0,-41.5,0.0
2016-02-04,1899.0,1900,0.20375551072955683,0.20036848960619835,-1.0,1900,93.0,94.0,87.0,90.0,0.5257541712539581,-0.47424582874604193,0.5088084445505413,-0.4911915554494587,0.0,0.0,0.0,0.0,10.0,0.0,10.0,-31.5,0.03389145340683353
2016-02-05,1866.5,1865,0.21490017231098354,0.21058008611822238,-1.0,1865,97.25,95.75,91.25,91.75,0.5307831402627947,-0.4692168597372053,0.5143649084223683,-0.48563509157763174,92.25,92.5,86.25,88.5,10.0,10.0,0.0,-31.5,0.03283646368085291
2016-02-08,1843.25,1845,0.22653533240392357,0.21765870450186184,-1.0,1845,98.5,100.25,92.5,96.25,0.5262502997736341,-0.47374970022636587,0.5103174770750288,-0.48968252292497116,115.0,81.0,108.5,77.5,10.0,10.0,0.0,-31.5,0.031865645397210596
2016-02-09,1839.5,1840,0.22953968532741137,0.22074482534565382,-1.0,1840,99.75,100.25,94.0,96.25,0.529188998750162,-0.470811001249838,0.5133669932166125,-0.4866330067833875,109.5,88.0,103.25,84.25,9.75,10.0,-0.25,-31.75,0.03164401106709902
2016-02-10,1837.75,1840,0.22959663949821715,0.22222012770441454,-1.0,1840,98.5,100.75,92.75,96.75,0.5262898866098733,-0.4737101133901267,0.5104043384472088,-0.4895956615527912,101.5,98.25,95.5,94.25,9.75,10.0,-0.25,-32.0,0.03177109632532904
2016-02-11,1815.5,1815,0.24004004690887,0.23069350269194783,-1.0,1815,102.5,102.25,96.75,98.25,0.5316333483299944,-0.4683666516700056,0.5161810727799484,-0.4838189272200516,99.75,100.25,94.0,96.25,9.75,9.75,0.0,-32.0,0.030904551100092048
2016-02-12,1849.25,1850,0.2294759851173045,0.22271366944559698,-1.0,1850,99.0,99.75,93.0,95.75,0.5282242459275518,-0.4717757540724482,0.5122947675141521,-0.48770523248584785,113.75,91.0,107.5,87.25,10.0,10.0,0.0,-32.0,0.03185895682679929
2016-02-16,1880.0,1880,0.21879824035108728,0.21522504437154702,-1.0,1880,94.75,94.75,88.75,91.0,0.5275295616993214,-0.4724704383006786,0.5108191002822959,-0.48918089971770407,83.0,117.5,77.5,113.0,9.75,10.0,-0.25,-32.25,0.03342092283405096
2016-02-17,1913.75,1915,0.20672936647153123,0.20576363793784513,0.0,0,0.0,0.0,0.0,0.0,0.0,0.0,0.0,0.0,81.75,112.5,76.5,108.25,0.0,9.5,-9.5,-41.75,0.0
2016-02-18,1907.75,1910,0.20371478255642286,0.20658194600222063,1.0,1910,87.75,90.0,81.75,86.0,0.522406005844617,-0.47759399415538295,0.5045825978558125,-0.4954174021441875,0.0,0.0,0.0,0.0,-10.0,0.0,-10.0,-51.75,0.0356468159776091
2016-02-19,1905.75,1905,0.1997272667377557,0.20658962006281056,1.0,1905,87.0,86.25,81.0,82.5,0.5270695674095143,-0.4729304325904857,0.5087743968956423,-0.4912256031043577,93.25,89.5,87.25,85.5,-9.75,-10.0,0.25,-51.5,0.036590341027743944
2016-02-22,1927.5,1930,0.1885762346098377,0.19773241273821576,1.0,1930,80.5,83.0,74.5,79.25,0.5195536928933173,-0.4804463071066827,0.5001678345430837,-0.49983216545691633,90.75,88.0,84.75,84.25,-9.75,-9.75,0.0,-51.5,0.03877171670046731
2016-02-23,1907.25,1905,0.19891870950158533,0.2038270231119723,1.0,1905,86.0,83.75,80.0,80.0,0.5296143384849271,-0.4703856615150729,0.5109334170363568,-0.48906658296364325,72.5,96.75,67.0,92.5,-9.75,-9.75,0.0,-51.5,0.03736184289714073
2016-02-24,1921.0,1920,0.19621719223608342,0.1990139422581952,1.0,1920,84.5,83.5,78.5,79.5,0.5269291156750561,-0.47307088432494393,0.5080501202213183,-0.49194987977868165,96.0,73.75,89.75,70.25,-10.0,-9.75,-0.25,-51.75,0.03775799090747545
2016-02-25,1941.25,1940,0.18550689283124247,0.19195555146206994,1.0,1940,80.5,79.25,74.5,75.5,0.5261707830015986,-0.4738292169984014,0.5063174552785354,-0.49368254472146456,77.0,89.75,71.25,85.75,-9.75,-9.75,0.0,-51.75,0.03970665544612628
2016-02-26,1933.5,1935,0.1889308614532847,0.19264884540061125,1.0,1935,80.0,81.5,74.0,77.5,0.5208345268143924,-0.47916547318560765,0.5011948526619306,-0.49880514733806935,72.5,91.5,67.0,87.5,-10.0,-9.5,-0.5,-52.25,0.03927934830492341
2016-02-29,1920.25,1920,0.19414920990375914,0.1965070192619471,1.0,1920,81.25,81.0,75.5,77.25,0.5241085196492223,-0.47589148035077766,0.5045897099650326,-0.4954102900349674,83.5,77.25,77.5,73.5,-9.5,-9.75,0.25,-52.0,0.03903761936837946
2016-03-01,1968.75,1970,0.17484881653341042,0.1807531375067472,1.0,1970,74.0,75.25,68.0,71.5,0.5199004255036848,-0.48009957449631524,0.49867058384652924,-0.5013294161534707,89.25,75.75,83.0,72.0,-9.75,-10.0,0.25,-51.75,0.04245968331431099
2016-03-02,1974.25,1975,0.17048668566607897,0.17779070511396575,1.0,1975,72.25,73.0,66.25,69.25,0.5201832909516517,-0.4798167090483483,0.4983641178961241,-0.5016358821038759,53.5,103.25,48.5,98.5,-9.75,-9.75,0.0,-51.75,0.043638346111055215
2016-03-03,1981.25,1980,0.16910785855640031,0.1750937650034033,1.0,1980,72.5,71.25,66.5,67.5,0.5241045656158226,-0.47589543438417736,0.5020656066418802,-0.49793439335811984,71.0,77.25,65.0,73.5,-9.75,-9.75,0.0,-51.75,0.04407791794788496
2016-03-04,1985.75,1985,0.16875116210236382,0.1727914439320544,1.0,1985,72.0,71.25,66.0,67.5,0.522876534267254,-0.477123465732746,0.5007396371328457,-0.49926036286715425,69.25,75.0,63.5,71.0,-9.75,-9.75,0.0,-51.75,0.0442737942688165
2016-03-07,1990.0,1990,0.1696284749243767,0.17102451841607044,0.0,0,0.0,0.0,0.0,0.0,0.0,0.0,0.0,0.0,69.5,73.25,63.75,69.5,0.0,-9.5,9.5,-42.25,0.0
2016-03-08,1971.5,1970,0.17913349506399026,0.17733812348871417,0.0,0,0.0,0.0,0.0,0.0,0.0,0.0,0.0,0.0,0.0,0.0,0.0,0.0,0.0,0.0,0.0,-42.25,0.0
2016-03-09,1979.75,1980,0.1760521742123299,0.17463991338879245,0.0,0,0.0,0.0,0.0,0.0,0.0,0.0,0.0,0.0,0.0,0.0,0.0,0.0,0.0,0.0,0.0,-42.25,0.0
2016-03-10,1979.5,1980,0.17455570368838155,0.17462587843872396,0.0,0,0.0,0.0,0.0,0.0,0.0,0.0,0.0,0.0,0.0,0.0,0.0,0.0,0.0,0.0,0.0,-42.25,0.0
2016-03-11,2010.5,2010,0.16449735457249576,0.16526967932677733,0.0,0,0.0,0.0,0.0,0.0,0.0,0.0,0.0,0.0,0.0,0.0,0.0,0.0,0.0,0.0,0.0,-42.25,0.0
2016-03-14,2009.25,2010,0.16218520598040365,0.16475560043571505,1.0,2010,66.0,66.75,59.75,63.0,0.5180873239843333,-0.4819126760156667,0.49416557326094224,-0.5058344267390578,0.0,0.0,0.0,0.0,-10.0,0.0,-10.0,-52.25,0.04784350144678218
2016-03-15,2006.5,2005,0.1635174543053179,0.1658441392748806,1.0,2005,67.0,65.75,61.0,62.0,0.5237243447172716,-0.4762756552827284,0.49981988109331066,-0.5001801189066893,68.5,68.0,62.5,64.5,-9.75,-9.5,-0.25,-52.5,0.04780892724792185
2016-03-16,2017.25,2015,0.15629574598861956,0.1616595991311709,1.0,2015,64.5,62.25,58.5,58.75,0.5249715606573824,-0.4750284393426176,0.4999546312663988,-0.5000453687336013,69.0,64.75,62.75,61.25,-9.5,-9.75,0.25,-52.25,0.050033858781967255
2016-03-17,2030.25,2030,0.15040613986068602,0.15584073939107973,1.0,2030,61.25,61.0,55.25,57.25,0.5195669136646415,-0.48043308633535853,0.4936133170966397,-0.5063866829033603,61.0,69.5,55.25,65.75,-9.75,-9.5,-0.25,-52.5,0.05190719313600356
2016-03-18,2037.5,2040,0.14750087664709474,0.15182936257992166,1.0,2040,58.5,61.25,52.5,57.5,0.5116932707183226,-0.4883067292816774,0.4852103601049739,-0.514789639895026,55.5,68.0,49.5,64.25,-9.75,-9.75,0.0,-52.5,0.052965821226697296
2016-03-21,2042.75,2045,0.14424309857921389,0.14924481443639906,1.0,2045,56.5,59.0,50.5,55.25,0.5113204037727211,-0.48867959622727886,0.483849476314394,-0.516150523685606,55.25,65.0,49.5,61.0,-9.75,-9.75,0.0,-52.5,0.054941854916654265
2016-03-22,2042.5,2040,0.14558083803788915,0.14997061416919816,1.0,2040,59.0,56.5,53.0,53.0,0.5247819768051202,-0.4752180231948798,0.4973506192486005,-0.5026493807513994,55.5,63.0,49.5,59.25,-9.5,-9.75,0.25,-52.25,0.05486271511303925
2016-03-23,2028.75,2030,0.15120080521970589,0.15287997106285275,0.0,0,0.0,0.0,0.0,0.0,0.0,0.0,0.0,0.0,59.75,57.0,53.5,53.5,0.0,-9.75,9.75,-42.5,0.0
2016-03-24,2028.5,2030,0.15131082376873733,0.15261844651383352,0.0,0,0.0,0.0,0.0,0.0,0.0,0.0,0.0,0.0,0.0,0.0,0.0,0.0,0.0,0.0,0.0,-42.5,0.0
2016-03-28,2028.0,2030,0.15105631179534962,0.15235809072741952,0.0,0,0.0,0.0,0.0,0.0,0.0,0.0,0.0,0.0,0.0,0.0,0.0,0.0,0.0,0.0,0.0,-42.5,0.0
2016-03-29,2047.5,2050,0.13919215685469186,0.1446459918337746,1.0,2050,52.0,54.5,46.0,50.75,0.5079427852289733,-0.4920572147710267,0.47816317848667317,-0.5218368215133269,0.0,0.0,0.0,0.0,-9.75,0.0,-9.75,-52.25,0.059559213484600304
2016-03-30,2055.25,2055,0.13649368367493958,0.14191419536893024,1.0,2055,52.25,52.0,46.0,48.25,0.5153307340909548,-0.48466926590904524,0.48484067399332775,-0.5151593260066722,45.0,67.0,39.5,62.5,-10.0,-10.0,0.0,-52.25,0.060980120195254006
2016-03-31,2051.5,2050,0.1396873566753693,0.14291506427612524,1.0,2050,53.5,52.0,47.5,48.5,0.5197678770649428,-0.48023212293505724,0.48971350339744624,-0.5102864966025538,49.0,56.5,43.25,52.5,-9.5,-9.75,0.25,-52.0,0.06010874733499305
2016-04-01,2065.0,2065,0.13267570154151895,0.13704461317524827,1.0,2065,50.25,50.0,44.25,46.5,0.514914108396835,-0.48508589160316495,0.4832960326446182,-0.5167039673553818,55.25,50.0,49.0,46.5,-9.5,-9.75,0.25,-51.75,0.06323615150443374
2016-04-04,2057.5,2060,0.13888101593171967,0.13875496719832198,0.0,0,0.0,0.0,0.0,0.0,0.0,0.0,0.0,0.0,44.5,58.0,39.0,54.0,0.0,-9.5,9.5,-42.25,0.0
2016-04-05,2038.75,2040,0.15028554544445674,0.1463541939218803,-1.0,2040,54.0,55.25,48.0,51.5,0.512021944557237,-0.48797805544276296,0.48300302912386506,-0.5169969708761349,0.0,0.0,0.0,0.0,9.75,0.0,9.75,-32.5,0.05803783086674397
2016-04-06,2060.25,2060,0.13983335794234228,0.13952690216749222,0.0,0,0.0,0.0,0.0,0.0,0.0,0.0,0.0,0.0,63.0,45.5,56.5,42.25,0.0,9.75,-9.75,-42.25,0.0
2016-04-07,2035.0,2035,0.15411918618814346,0.14915277836149082,-1.0,2035,55.25,55.0,49.0,51.5,0.5158378996608887,-0.48416210033911133,0.4870742280503301,-0.5129257719496698,0.0,0.0,0.0,0.0,9.75,0.0,9.75,-32.5,0.05752734322111702
2016-04-08,2040.75,2040,0.14927037668479465,0.1476998848018158,0.0,0,0.0,0.0,0.0,0.0,0.0,0.0,0.0,0.0,67.5,42.25,60.75,39.5,0.0,9.5,-9.5,-42.0,0.0
2016-04-11,2034.5,2035,0.15356904932935414,0.15016727069987817,-1.0,2035,53.25,53.75,47.0,50.0,0.513746287515822,-0.48625371248417804,0.4840307232783404,-0.5159692767216596,0.0,0.0,0.0,0.0,10.0,0.0,10.0,-32.0,0.059431128474963124
2016-04-12,2055.75,2055,0.1439686226572757,0.1430625746902494,0.0,0,0.0,0.0,0.0,0.0,0.0,0.0,0.0,0.0,56.75,51.0,50.5,47.5,0.0,9.75,-9.75,-41.75,0.0
2016-04-13,2076.0,2075,0.13473288156763866,0.13547415011280892,0.0,0,0.0,0.0,0.0,0.0,0.0,0.0,0.0,0.0,0.0,0.0,0.0,0.0,0.0,0.0,0.0,-41.75,0.0
2016-04-14,2076.5,2075,0.1341526519716893,0.1352539004226223,0.0,0,0.0,0.0,0.0,0.0,0.0,0.0,0.0,0.0,0.0,0.0,0.0,0.0,0.0,0.0,0.0,-41.75,0.0
2016-04-15,2075.0,2075,0.13110736080414442,0.13456281048620933,1.0,2075,45.0,45.0,39.0,41.5,0.5132645169788678,-0.48673548302113223,0.4780655418853867,-0.5219344581146133,0.0,0.0,0.0,0.0,-9.5,0.0,-9.5,-51.25,0.0703979501869621
2016-04-18,2086.75,2085,0.12643810752306728,0.13001691111251806,1.0,2085,43.5,41.75,37.5,38.25,0.5186667381366062,-0.48133326186339376,0.48144472941355393,-0.518555270586446,47.25,45.75,41.25,42.25,-9.5,-9.5,0.0,-51.25,0.07444401744610457
2016-04-19,2093.75,2095,0.12497832069955003,0.12601815282666415,0.0,0,0.0,0.0,0.0,0.0,0.0,0.0,0.0,0.0,39.0,49.0,33.25,45.0,0.0,-9.75,9.75,-41.5,0.0
2016-04-20,2098.0,2100,0.12377166354182537,0.12405462973260821,0.0,0,0.0,0.0,0.0,0.0,0.0,0.0,0.0,0.0,0.0,0.0,0.0,0.0,0.0,0.0,0.0,-41.5,0.0
2016-04-21,2082.75,2085,0.13023442762830348,0.1297754412997764,0.0,0,0.0,0.0,0.0,0.0,0.0,0.0,0.0,0.0,0.0,0.0,0.0,0.0,0.0,0.0,0.0,-41.5,0.0
2016-04-22,2086.0,2085,0.1260135831048245,0.1291484649339511,1.0,2085,41.5,40.5,35.5,37.0,0.5160729784123739,-0.4839270215876261,0.47741713312150524,-0.5225828668784948,0.0,0.0,0.0,0.0,-9.5,0.0,-9.5,-51.0,0.07731169058173726
2016-04-25,2083.25,2085,0.1289284060275529,0.12911178844955137,0.0,0,0.0,0.0,0.0,0.0,0.0,0.0,0.0,0.0,41.75,44.0,35.75,40.0,0.0,-10.0,10.0,-41.0,0.0
2016-04-26,2088.5,2090,0.12671146282974927,0.12714500165891962,0.0,0,0.0,0.0,0.0,0.0,0.0,0.0,0.0,0.0,0.0,0.0,0.0,0.0,0.0,0.0,0.0,-41.0,0.0
2016-04-27,2090.75,2090,0.1258064888174117,0.12692191618533497,0.0,0,0.0,0.0,0.0,0.0,0.0,0.0,0.0,0.0,0.0,0.0,0.0,0.0,0.0,0.0,0.0,-41.0,0.0
2016-04-28,2072.5,2070,0.13664574580733832,0.13474362836552634,0.0,0,0.0,0.0,0.0,0.0,0.0,0.0,0.0,0.0,0.0,0.0,0.0,0.0,0.0,0.0,0.0,-41.0,0.0
2016-04-29,2059.0,2060,0.1404113405781003,0.13886700525238327,0.0,0,0.0,0.0,0.0,0.0,0.0,0.0,0.0,0.0,0.0,0.0,0.0,0.0,0.0,0.0,0.0,-41.0,0.0
2016-05-02,2074.25,2075,0.13139017189361876,0.13278120190036846,0.0,0,0.0,0.0,0.0,0.0,0.0,0.0,0.0,0.0,0.0,0.0,0.0,0.0,0.0,0.0,0.0,-41.0,0.0
2016-05-03,2057.0,2055,0.1417547878696452,0.1408050567061098,0.0,0,0.0,0.0,0.0,0.0,0.0,0.0,0.0,0.0,0.0,0.0,0.0,0.0,0.0,0.0,0.0,-41.0,0.0
2016-05-04,2047.0,2045,0.14589283496402192,0.14492482551396865,0.0,0,0.0,0.0,0.0,0.0,0.0,0.0,0.0,0.0,0.0,0.0,0.0,0.0,0.0,0.0,0.0,-41.0,0.0
2016-05-05,2044.0,2045,0.14470605893856603,0.1448883644180682,0.0,0,0.0,0.0,0.0,0.0,0.0,0.0,0.0,0.0,0.0,0.0,0.0,0.0,0.0,0.0,0.0,-41.0,0.0
2016-05-06,2052.75,2055,0.134414315603314,0.13983290698117226,1.0,2055,36.25,38.5,30.5,34.75,0.5015235563426104,-0.49847644365738963,0.4591216705790729,-0.5408783294209272,0.0,0.0,0.0,0.0,-9.5,0.0,-9.5,-50.5,0.08480377152707502
2016-05-09,2054.25,2055,0.13336339148533555,0.13875465439853277,1.0,2055,35.5,36.0,29.5,32.25,0.5074081216652613,-0.4925918783347387,0.463037229062376,-0.536962770937624,34.0,45.25,28.5,41.0,-9.75,-9.75,0.0,-50.5,0.08874178520577058
2016-05-10,2077.5,2080,0.12240868845945256,0.12764120818961655,1.0,2080,31.5,34.0,26.0,30.0,0.4983597600172355,-0.5016402399827645,0.45004620695033226,-0.5499537930496677,36.25,38.5,30.5,34.75,-9.5,-9.5,0.0,-50.5,0.09662710613380643
2016-05-11,2058.0,2060,0.13282691566291727,0.1352624457364989,1.0,2060,33.75,35.75,28.0,32.0,0.5016632310510851,-0.4983367689489149,0.4560698447320936,-0.5439301552679063,22.0,47.5,17.5,42.5,-9.5,-9.5,0.0,-50.5,0.09118677263798297
2016-05-12,2058.75,2060,0.13026044086212601,0.13442877825743677,1.0,2060,33.0,34.25,27.25,30.5,0.5046453706133007,-0.4953546293866993,0.4575010130890865,-0.5424989869109136,44.25,26.75,37.75,23.75,-9.5,-9.5,0.0,-50.5,0.09428871504842856
2016-05-13,2043.5,2045,0.13635504208394894,0.13989164259578432,1.0,2045,33.75,35.0,28.0,31.25,0.5036639999133338,-0.49633600008666623,0.4576547752456931,-0.5423452247543069,33.75,35.75,28.0,32.0,-9.5,-9.5,0.0,-50.5,0.09201844933528136
2016-05-16,2062.75,2065,0.1286621259869804,0.13106613184965496,1.0,2065,30.25,32.5,24.5,28.75,0.4980188296727102,-0.5019811703272898,0.44758096798148833,-0.5524190320185116,42.5,28.75,36.0,25.5,-9.5,-9.75,0.25,-50.25,0.10087572338244366
2016-05-17,2043.5,2045,0.13716042300123688,0.1391360470918875,0.0,0,0.0,0.0,0.0,0.0,0.0,0.0,0.0,0.0,22.75,44.0,18.0,39.5,0.0,-9.25,9.25,-41.0,0.0
2016-05-18,2041.5,2040,0.14143041261172923,0.14128583935026137,0.0,0,0.0,0.0,0.0,0.0,0.0,0.0,0.0,0.0,0.0,0.0,0.0,0.0,0.0,0.0,0.0,-41.0,0.0
2016-05-19,2038.75,2040,0.14058538616091562,0.14116909715203707,0.0,0,0.0,0.0,0.0,0.0,0.0,0.0,0.0,0.0,0.0,0.0,0.0,0.0,0.0,0.0,0.0,-41.0,0.0
2016-05-20,2050.0,2050,0.12795192292842852,0.13534102516691351,1.0,2050,29.0,29.0,23.25,25.25,0.5092271178871904,-0.49077288211280956,0.4545470208458284,-0.5454529791541716,0.0,0.0,0.0,0.0,-9.5,0.0,-9.5,-50.5,0.10936019408272407
